{
  "LANDSAT_5": {
    "altitude": 705000.0,
    "classification": "U",
    "format": "EOSAT Fast Format",
    "inclination": 1.7139133254584316445390643346558,
    "intl_designator": "84021A",
    "name_pattern": "^L.*5$",
    "satellite_name": "Landsat-5",
    "nominal_pixel_degrees": 0.000250,
    "number": 14780,
    "omega": 0.001059,
    "projection": "EQUIRECT_0_0",
    "radius": 7285600.0,
    "semi_major_axis": 7083160.0,
    "sensors": {
      "MSS": {
        "acquisition_seconds": 0,
        "bands": {
          "1": {
            "desc": "Visible Green",
            "resolution": 60,
            "type_desc": "Reflective",
            "wavelength": [
              0.5,
              0.6
            ]
          },
          "2": {
            "desc": "Visible Red",
            "resolution": 60,
            "type_desc": "Reflective",
            "wavelength": [
              0.6,
              0.7
            ]
          },
          "3": {
            "desc": "Near Infrared 1",
            "resolution": 60,
            "type_desc": "Reflective",
            "wavelength": [
              0.7,
              0.8
            ]
          },
          "4": {
            "desc": "Near Infrared 2",
            "resolution": "60",
            "type_desc": "Reflective",
            "wavelength": [
              0.8,
              1.1
            ]
          }
        },
        "description": "Multi-Spectral Scanner",
        "K1": 0,
        "K2": 0,
        "name": "MSS",
        "rgb_bands": "",
        "root_band": "10"
      },
      "TM": {
        "acquisition_seconds": 24,
        "bands": {
          "1": {
            "desc": "Visible Blue",
            "resolution": 25.0,
            "type_desc": "Reflective",
            "wavelength": [
              0.45,
              0.52
            ]
          },
          "2": {
            "desc": "Visible Green",
            "resolution": 25.0,
            "type_desc": "Reflective",
            "wavelength": [
              0.52,
              0.60
            ]
          },
          "3": {
            "desc": "Visible Red",
            "resolution": 25.0,
            "type_desc": "Reflective",
            "wavelength": [
              0.63,
              0.69
            ]
          },
          "4": {
            "desc": "Near Infrared",
            "resolution": 25.0,
            "type_desc": "Reflective",
            "wavelength": [
              0.76,
              0.90
            ]
          },
          "5": {
            "desc": "Middle Infrared 1",
            "resolution": 25.0,
            "type_desc": "Reflective",
            "wavelength": [
              1.55,
              1.75
            ]
          },
          "6": {
            "desc": "Thermal Infrared",
            "resolution": 100.0,
            "type_desc": "Thermal",
            "wavelength": [
              10.4,
              12.5
            ]
          },
          "7": {
            "desc": "Middle Infrared 2",
            "resolution": 25.0,
            "type_desc": "Reflective",
            "wavelength": [
              2.08,
              2.35
            ]
          }
        },
        "description": "Thermatic Mapper",
        "K1": 607.76,
        "K2": 1260.56,
        "name": "TM"
      }
    },
    "solar_irrad_file": "solar_irrad_LANDSAT_5.txt",
    "spectral_filter_file": "LANDSAT_5_vsir.flt",
    "sweep_period": 0.07342143906020558002936857562408,
    "tag": "LS5",
    "tle_format": "l5_%4d%s_norad.txt"
  },
  "LANDSAT_7": {
    "altitude": 705000.0,
    "classification": "U",
    "format": "FastL7A",
    "inclination": 1.7139133254584316445390643346558,
    "intl_designator": "99020A",
    "satellite_name": "Landsat-7",
    "name_pattern": "^L.*7$",
    "nominal_pixel_degrees": 0.000250,
    "number": 25682,
    "omega": 0.001059,
    "projection": "EQUIRECT_0_0",
    "radius": 7285600.0,
    "semi_major_axis": 7083160.0,
    "sensors": {
      "ETM": {
        "acquisition_seconds": 24.0,
        "bands": {
          "1": {
            "desc": "Visible Blue",
            "resolution": 25.0,
            "type_desc": "Reflective",
            "wavelength": [
              0.45,
              0.52
            ]
          },
          "2": {
            "desc": "Visible Green",
            "resolution": 25.0,
            "type_desc": "Reflective",
            "wavelength": [
              0.52,
              0.60
            ]
          },
          "3": {
            "desc": "Visible Red",
            "resolution": 25.0,
            "type_desc": "Reflective",
            "wavelength": [
              0.63,
              0.69
            ]
          },
          "4": {
            "desc": "Near Infrared",
            "resolution": 25.0,
            "type_desc": "Reflective",
            "wavelength": [
              0.76,
              0.90
            ]
          },
          "5": {
            "desc": "Middle Infrared 1",
            "resolution": 25.0,
            "type_desc": "Reflective",
            "wavelength": [
              1.55,
              1.75
            ]
          },
          "6_vcid_1": {
            "desc": "Thermal Infrared [Low Gain]",
            "resolution": 50.0,
            "type_desc": "Thermal",
            "wavelength": [
              10.4,
              12.5
            ]
          },
          "6_vcid_2": {
            "desc": "Thermal Infrared [High Gain]",
            "resolution": 50.0,
            "type_desc": "Thermal",
            "wavelength": [
              10.4,
              12.5
            ]
          },
          "7": {
            "desc": "Middle Infrared 2",
            "resolution": 25.0,
            "type_desc": "Reflective",
            "wavelength": [
              2.08,
              2.35
            ]
          },
          "8": {
            "desc": "Panchromatic",
            "resolution": 12.5,
            "type_desc": "Panchromatic",
            "wavelength": [
              0.52,
              0.90
            ]
          }
        },
        "description": "Enhanced Thermatic Mapper Plus",
        "K1": 666.09,
        "K2": 1282.71,
        "name": "ETM+"
      }
    },
    "solar_irrad_file": "solar_irrad_LANDSAT_7.txt",
    "spectral_filter_file": "LANDSAT_7_vsir.flt",
    "sweep_period": 0.07342143906020558002936857562408,
    "tag": "LS7",
    "tle_format": "L7%4d%sASNNOR.S00"
  },
  "LANDSAT_8": {
    "altitude": 705000.0,
    "classification": "U",
    "format": "FastL7A",
    "inclination": 1.7139133254584316445390643346558,
    "intl_designator": "13008A",
    "satellite_name": "Landsat-8",
    "name_pattern": "^L.*8$",
    "nominal_pixel_degrees": 0.000250,
    "number": 39084,
    "omega": 0.001059,
    "projection": "EQUIRECT_0_0",
    "radius": 7285600.0,
    "semi_major_axis": 7083160.0,
    "sensors": {
      "OLI": {
        "acquisition_seconds": 24,
        "bands": {
          "1": {
            "desc": "Coastal Aerosol",
            "resolution": 25.0,
            "type_desc": "Reflective",
            "wavelength": [
              0.433,
              0.453
            ]
          },
          "2": {
            "desc": "Visible Blue",
            "resolution": 25.0,
            "type_desc": "Reflective",
            "wavelength": [
              0.45,
              0.515
            ]
          },
          "3": {
            "desc": "Visible Green",
            "resolution": 25.0,
            "type_desc": "Reflective",
            "wavelength": [
              0.525,
              0.60
            ]
          },
          "4": {
            "desc": "Visible Red",
            "resolution": 25.0,
            "type_desc": "Reflective",
            "wavelength": [
              0.63,
              0.68
            ]
          },
          "5": {
            "desc": "Near Infrared",
            "resolution": 25.0,
            "type_desc": "Reflective",
            "wavelength": [
              0.845,
              0.885
            ]
          },
          "6": {
            "desc": "Short-wave Infrared 1",
            "resolution": 25.0,
            "type_desc": "Reflective",
            "wavelength": [
              1.56,
              1.66
            ]
          },
          "7": {
            "desc": "Short-wave Infrared 2",
            "resolution": 25.0,
            "type_desc": "Reflective",
            "wavelength": [
              2.1,
              2.3
            ]
          },
          "8": {
            "desc": "Panchromatic",
            "resolution": 12.5,
            "type_desc": "Panchromatic",
            "wavelength": [
              0.5,
              0.68
            ]
          },
          "9": {
            "desc": "Cirrus",
            "resolution": 25.0,
            "type_desc": "Atmosphere",
            "wavelength": [
              1.360,
              1.390
            ]
          },
          "qa": {
            "desc": "Quality",
            "resolution": 25.0,
            "type_desc": "Quality",
            "wavelength": []
          }
        },
        "description": "Landsat Data Continuity Mission",
        "K1": 0,
        "K2": 0,
        "name": "OLI"
      },
      "OLI_TIRS": {
        "acquisition_seconds": 24,
        "bands": {
          "1": {
            "desc": "Coastal Aerosol",
            "resolution": 25.0,
            "type_desc": "Reflective",
            "wavelength": [
              0.433,
              0.453
            ]
          },
          "10": {
            "desc": "Thermal Infrared 1",
            "resolution": 25.0,
            "type_desc": "Thermal",
            "wavelength": [
              10.3,
              11.3
            ]
          },
          "11": {
            "desc": "Thermal Infrared 2",
            "resolution": 25.0,
            "type_desc": "Thermal",
            "wavelength": [
              11.5,
              12.5
            ]
          },
          "2": {
            "desc": "Visible Blue",
            "resolution": 25.0,
            "type_desc": "Reflective",
            "wavelength": [
              0.45,
              0.515
            ]
          },
          "3": {
            "desc": "Visible Green",
            "resolution": 25.0,
            "type_desc": "Reflective",
            "wavelength": [
              0.525,
              0.60
            ]
          },
          "4": {
            "desc": "Visible Red",
            "resolution": 25.0,
            "type_desc": "Reflective",
            "wavelength": [
              0.63,
              0.68
            ]
          },
          "5": {
            "desc": "Near Infrared",
            "resolution": 25.0,
            "type_desc": "Reflective",
            "wavelength": [
              0.845,
              0.885
            ]
          },
          "6": {
            "desc": "Short-wave Infrared 1",
            "resolution": 25.0,
            "type_desc": "Reflective",
            "wavelength": [
              1.56,
              1.66
            ]
          },
          "7": {
            "desc": "Short-wave Infrared 2",
            "resolution": 25.0,
            "type_desc": "Reflective",
            "wavelength": [
              2.1,
              2.3
            ]
          },
          "8": {
            "desc": "Panchromatic",
            "resolution": 12.5,
            "type_desc": "Panchromatic",
            "wavelength": [
              0.5,
              0.68
            ]
          },
          "9": {
            "desc": "Cirrus",
            "resolution": 25.0,
            "type_desc": "Atmosphere",
            "wavelength": [
              1.360,
              1.390
            ]
          },
          "qa": {
            "desc": "Quality",
            "resolution": 25.0,
            "type_desc": "Quality",
            "wavelength": []
          }
        },
        "description": "Landsat Data Continuity Mission",
        "K1": 774.89,
        "K2": 1321.08,
        "name": "OLI_TIRS"
      }
    },
    "solar_irrad_file": "solar_irrad_landsat8.txt",
    "spectral_filter_file": "landsat8_vsir.flt",
    "sweep_period": 0.07342143906020558002936857562408,
    "tag": "LS8",
    "tle_format": "L8%4d%sASNNOR.S00"
  }
}
