IdSensore,NomeTipoSensore,UnitaMisura,Idstazione,NomeStazione,Quota,Provincia,Comune,Storico,DataStart,DataStop,Utm_Nord,UTM_Est,lat,lng,location,Valore,idOperatore
10399,Particelle sospese PM2.5,µg/m³,583,Bergamo - via Meucci,249.0,BG,Bergamo,N,20/12/2008,,5059922,550116,45.691037405472144,9.643650579461383,"(45.69103740547214, 9.643650579461385)",25.482993197278912,1
9859,Monossido di Carbonio,mg/m³,673,Voghera - via Pozzoni,90.0,PV,Voghera,N,05/07/2005,,4982900,500665,44.99954598914025,9.008437381815693,"(44.99954598914026, 9.008437381815693)",-7.838498312711083,1
12613,Nikel,ng/m³,670,Mantova - S.Agnese,22.0,MN,Mantova,N,19/02/2008,,5002356,641122,45.16056833010576,10.795564113707881,"(45.16056833010576, 10.79556411370788)",3.757916666666665,1
6364,Ossidi di Azoto,µg/m³,517,Turbigo,141.0,MI,Turbigo,N,11/01/1990,,5041480,479423,45.52655086994246,8.736496578379215,"(45.52655086994247, 8.736496578379215)",-167.283122362869,1
6915,PM10 (SM2005),µg/m³,554,Saronno - via Santuario,212.0,VA,Saronno,N,16/12/2003,,5052520,503123,45.62621896083601,9.040063090678212,"(45.626218960836006, 9.04006309067821)",31.261744966442954,1
5577,Biossido di Azoto,µg/m³,574,Lecco - Via Amendola,214.0,LC,Lecco,N,17/02/1991,,5077479,530713,45.85019119457854,9.395577066893225,"(45.850191194578535, 9.395577066893223)",-57.15348706411697,1
10507,Biossido di Azoto,µg/m³,1269,Dalmine - via Verdi,207.0,BG,Dalmine,N,12/02/2010,,5055304,546847,45.649702512362474,9.601223338785262,"(45.64970251236247, 9.601223338785262)",-70.5645097485165,1
6248,Ossidi di Azoto,µg/m³,574,Lecco - Via Amendola,214.0,LC,Lecco,N,01/01/1991,,5077479,530713,45.85019119457854,9.395577066893225,"(45.850191194578535, 9.395577066893223)",-18.981749156355477,1
6784,Ossidi di Azoto,µg/m³,652,Brescia - via Turati,154.0,BS,Brescia,N,01/10/1999,,5043626,596168,45.539529434955995,10.231785907477224,"(45.539529434955995, 10.231785907477223)",165.02037589498826,1
9991,Ozono,µg/m³,681,Moggio,1194.0,LC,Moggio,N,12/07/2006,,5084478,538586,45.91278752030293,9.497538167653424,"(45.91278752030292, 9.497538167653424)",73.88543307086601,1
9880,Monossido di Carbonio,mg/m³,674,Monza - via Machiavelli,162.0,MB,Monza,N,21/10/2005,,5047450,521343,45.580263484422424,9.273573092713274,"(45.58026348442243, 9.273573092713274)",-5.183380925185525,1
10352,PM10 (SM2005),µg/m³,517,Turbigo,141.0,MI,Turbigo,N,01/01/2008,,5041480,479423,45.52655086994246,8.736496578379215,"(45.52655086994247, 8.736496578379215)",-108.45205479452055,1
6686,Biossido di Zolfo,µg/m³,642,Pavia - via Folperti,77.0,PV,Pavia,N,01/06/2002,,5004590,512932,45.19467609907785,9.164638300630086,"(45.19467609907785, 9.164638300630086)",-156.60429136081328,1
5595,Biossido di Azoto,µg/m³,592,Treviglio,191.0,BG,Treviglio,N,02/06/1991,,5040815,546236,45.51933498138716,9.592009994888423,"(45.51933498138716, 9.592009994888425)",-6.15311355311358,1
9918,Ossidi di Azoto,µg/m³,664,Mantova - p.zza Gramsci,18.0,MN,Mantova,N,08/06/2004,,5001351,640031,45.151743379576594,10.78140770009565,"(45.151743379576594, 10.78140770009565)",-283.26495021337143,1
5691,Biossido di Zolfo,µg/m³,608,Codogno - via Trento,59.0,LO,Codogno,N,13/01/2000,,5000892,554872,45.15937280234111,9.698148249352538,"(45.15937280234111, 9.69814824935254)",-195.8577751892832,1
5598,Biossido di Azoto,µg/m³,595,Filago - via Don Milani,190.0,BG,Filago,N,06/03/1992,,5053519,543342,45.63386450908066,9.556084255790863,"(45.63386450908066, 9.556084255790864)",-18.834613196814537,1
20005,BlackCarbon,µg/m³,548,Milano - via Senato,118.0,MI,Milano,N,30/09/2013,,5035238,515435,45.470499014097,9.197460360112533,"(45.470499014097, 9.197460360112531)",-3712.977857142857,1
9854,Monossido di Carbonio,mg/m³,672,Cornale (Voghera Energia),74.0,PV,Cornale,N,29/07/2005,,4987406,493238,45.040076572029626,8.914144599002407,"(45.04007657202963, 8.914144599002409)",-1600.4618022102763,1
6841,Biossido di Azoto,µg/m³,659,Odolo,349.0,BS,Odolo,N,13/12/2013,,5055661,608260,45.646049633725255,10.389295302791961,"(45.64604963372525, 10.38929530279196)",11.138774903360087,1
5586,Biossido di Azoto,µg/m³,583,Bergamo - via Meucci,249.0,BG,Bergamo,N,01/06/1989,,5059922,550116,45.691037405472144,9.643650579461383,"(45.69103740547214, 9.643650579461385)",31.761708770933758,1
5730,Ozono,µg/m³,564,Erba - via Battisti,279.0,CO,Erba,N,01/01/2009,,5072803,517232,45.80857380692297,9.221779204488437,"(45.808573806922965, 9.221779204488435)",55.330099009900955,1
6328,Ossidi di Azoto,µg/m³,501,Milano - viale Marche,129.0,MI,Milano,N,18/09/1980,,5038105,514918,45.496316443651025,9.190933555313624,"(45.49631644365102, 9.190933555313624)",-58.948668555240914,1
30159,Ossidi di Azoto,µg/m³,655,Darfo (aria),221.0,BS,Darfo Boario Terme,N,23/01/2013,,5080789,591371,45.87460210989037,10.177356808981381,"(45.87460210989037, 10.17735680898138)",35.92206198220331,1
20427,Biossido di Zolfo,µg/m³,683,Cassano d'Adda 2 - Via Milano,133.0,MI,Cassano d'Adda,N,20/12/2017,,5041567,540293,45.52647254585104,9.515980483627095,"(45.52647254585104, 9.515980483627096)",-1433.452897727282,1
9998,Benzene,µg/m³,683,Cassano d'Adda 2 - Via Milano,133.0,MI,Cassano d'Adda,N,17/02/2006,,5041567,540293,45.52647254585104,9.515980483627095,"(45.52647254585104, 9.515980483627096)",0.9724832214765109,1
10282,Ozono,µg/m³,705,Milano - Pascal Città Studi,122.0,MI,Milano,N,16/06/2007,,5036190,518405,45.47899606168744,9.235491038497502,"(45.47899606168744, 9.235491038497502)",32.20290846877669,1
6954,PM10 (SM2005),µg/m³,661,Rezzato,147.0,BS,Rezzato,N,27/01/1997,,5041110,604367,45.515708294844586,10.336240422996532,"(45.51570829484459, 10.336240422996532)",-194.41463414634146,1
5721,Ozono,µg/m³,545,Motta Visconti (aria),100.0,MI,Motta Visconti,N,17/03/1998,,5014273,499103,45.28195619742785,8.988562726793257,"(45.281956197427846, 8.988562726793255)",-185.40195356738383,1
5735,Ozono,µg/m³,576,Merate,279.0,LC,Merate,N,17/02/1991,,5060569,531623,45.697951989702425,9.406190938686596,"(45.69795198970243, 9.406190938686596)",-496.41452813337287,1
5561,Biossido di Azoto,µg/m³,558,Busto Arsizio - Accam,206.0,VA,Busto Arsizio,N,06/12/1998,,5047718,487687,45.582894292717725,8.842165456706075,"(45.582894292717725, 8.842165456706075)",21.92760612185965,1
5542,Biossido di Azoto,µg/m³,539,Milano - viale Liguria,115.0,MI,Milano,N,24/10/1991,,5032273,513134,45.44385765356493,9.167944501742676,"(45.443857653564926, 9.167944501742676)",-14.65759280089977,1
5683,Biossido di Zolfo,µg/m³,573,Colico,229.0,LC,Colico,N,17/02/1991,,5109468,529713,46.1381409051264,9.384687247651792,"(46.1381409051264, 9.384687247651794)",-7.158635334088302,1
5832,Monossido di Carbonio,mg/m³,514,Rho - via Statuto,152.0,MI,Rho,N,02/10/1991,,5041100,503483,45.523425662003476,9.044599871111004,"(45.523425662003476, 9.044599871111005)",-432.20587739032624,1
10083,PM10 (SM2005),µg/m³,695,Ponti sul Mincio,113.0,MN,Ponti sul Mincio,N,20/12/2006,,5030184,631718,45.412771691686345,10.683357343786836,"(45.41277169168634, 10.683357343786835)",34.04255319148936,1
9899,Ozono,µg/m³,609,Casirate d`Adda,108.0,BG,Casirate d'Adda,N,01/12/2005,,5038450,543458,45.498227133944944,9.55623226235176,"(45.49822713394494, 9.556232262351761)",-121.63363663046695,1
5710,Ozono,µg/m³,544,Cormano,153.0,MI,Cormano,N,03/11/1994,,5044180,512693,45.55104194437242,9.162613653151322,"(45.551041944372415, 9.162613653151322)",37.059623609922966,1
20442,Monossido di Azoto,µg/m³,681,Moggio,1194.0,LC,Moggio,N,16/03/2007,,5084478,538586,45.91278752030293,9.497538167653424,"(45.91278752030292, 9.497538167653424)",2.2008073817762437,1
12675,Cadmio,ng/m³,1264,Sondrio - via Paribelli,290.0,SO,Sondrio,N,01/04/2008,,5113073,567873,46.16785244066512,9.879209924469905,"(46.167852440665115, 9.879209924469903)",0.12883999999999998,1
6280,Ossidi di Azoto,µg/m³,604,Tavazzano,85.0,LO,Tavazzano con Villavesco,N,13/01/2000,,5019734,532492,45.33036100181228,9.414644726627262,"(45.33036100181227, 9.414644726627262)",-171.91361834654595,1
6428,Ossidi di Azoto,µg/m³,633,Soresina,70.0,CR,Soresina,N,01/01/2002,,5014860,567712,45.28397715446764,9.863398419993636,"(45.28397715446764, 9.863398419993635)",49.01261261261268,1
5959,Biossido di Zolfo,µg/m³,629,Crema - via XI febbraio,79.0,CR,Crema,N,01/11/1992,,5023885,555127,45.36630907819434,9.703945513613167,"(45.366309078194334, 9.703945513613167)",-3.6769057665260103,1
10457,Ossidi di Azoto,µg/m³,1266,Bertonico,65.0,LO,Bertonico,N,03/08/2009,,5009105,552297,45.23349364130374,9.666250375296034,"(45.23349364130374, 9.666250375296032)",45.06038266741698,1
5662,Biossido di Zolfo,µg/m³,592,Treviglio,191.0,BG,Treviglio,N,02/06/1991,,5040815,546236,45.51933498138716,9.592009994888423,"(45.51933498138716, 9.592009994888425)",-0.7881274675690894,1
6398,Ossidi di Azoto,µg/m³,554,Saronno - via Santuario,212.0,VA,Saronno,N,28/03/1997,,5052520,503123,45.62621896083601,9.040063090678212,"(45.626218960836006, 9.04006309067821)",58.05641169853777,1
10167,Biossido di Azoto,µg/m³,703,Schivenoglia,,MN,Schivenoglia,N,29/11/2006,,4986922,663580,45.01687782075543,11.07609463264049,"(45.016877820755425, 11.07609463264049)",-121.67165885111379,1
10384,Benzene,µg/m³,693,Sannazzaro de' Burgondi - AGIP,85.0,PV,Sannazzaro de' Burgondi,N,01/01/2007,,4994371,492461,45.102766276841365,8.90417452771467,"(45.10276627684137, 8.90417452771467)",-2363.897972972972,1
17159,Particelle sospese PM2.5,µg/m³,633,Soresina,70.0,CR,Soresina,N,11/10/2012,,5014860,567712,45.28397715446764,9.863398419993636,"(45.28397715446764, 9.863398419993635)",-103.43624161073825,1
17163,Benzene,µg/m³,655,Darfo (aria),221.0,BS,Darfo Boario Terme,N,05/10/2012,,5080789,591371,45.87460210989037,10.177356808981381,"(45.87460210989037, 10.17735680898138)",-286.17625899280574,1
9917,Ossidi di Azoto,µg/m³,663,Mantova - via Ariosto,18.0,MN,Mantova,N,05/06/2004,,5000669,641770,45.145260125788965,10.80332595007927,"(45.14526012578896, 10.80332595007927)",40.221923536439725,1
12591,Piombo,ng/m³,669,Brescia - Villaggio Sereno,70.0,BS,Brescia,N,01/04/2008,,5040636,593101,45.513038818653754,10.19194188877931,"(45.513038818653754, 10.19194188877931)",21.69788,1
6804,Ozono,µg/m³,654,Sarezzo - via Minelli,269.0,BS,Sarezzo,N,12/03/2004,,5055826,593900,45.64962671224069,10.205090218837002,"(45.64962671224069, 10.205090218837002)",-16.137801526717578,1
6354,Ossidi di Azoto,µg/m³,548,Milano - via Senato,118.0,MI,Milano,N,21/04/1995,,5035238,515435,45.470499014097,9.197460360112533,"(45.470499014097, 9.197460360112531)",57.269835414302,1
5750,Ozono,µg/m³,552,Varese - Vidoletti,425.0,VA,Varese,N,23/12/1991,,5075945,484773,45.83690077655548,8.803926126674948,"(45.83690077655548, 8.80392612667495)",43.69726339794756,1
6246,Ossidi di Azoto,µg/m³,573,Colico,229.0,LC,Colico,N,06/11/1996,,5109468,529713,46.1381409051264,9.384687247651792,"(46.1381409051264, 9.384687247651794)",22.3422140430351,1
9831,PM10 (SM2005),µg/m³,670,Mantova - S.Agnese,22.0,MN,Mantova,N,30/12/2004,,5002356,641122,45.16056833010576,10.795564113707881,"(45.16056833010576, 10.79556411370788)",36.06382978723404,1
6220,Ossidi di Azoto,µg/m³,584,Bergamo - via Garibaldi,249.0,BG,Bergamo,N,21/06/1994,,5060449,551482,45.69568034432694,9.66124914606551,"(45.69568034432694, 9.66124914606551)",8.96222539229671,1
6781,Biossido di Azoto,µg/m³,652,Brescia - via Turati,154.0,BS,Brescia,N,13/01/1999,,5043626,596168,45.539529434955995,10.231785907477224,"(45.539529434955995, 10.231785907477223)",56.04473605726214,1
6419,Ossidi di Azoto,µg/m³,629,Crema - via XI febbraio,79.0,CR,Crema,N,01/01/2002,,5023885,555127,45.36630907819434,9.703945513613167,"(45.366309078194334, 9.703945513613167)",-623.071778277997,1
10166,Benzene,µg/m³,703,Schivenoglia,,MN,Schivenoglia,N,29/11/2006,,4986922,663580,45.01687782075543,11.07609463264049,"(45.016877820755425, 11.07609463264049)",-209.26853146853156,1
6952,PM10 (SM2005),µg/m³,654,Sarezzo - via Minelli,269.0,BS,Sarezzo,N,23/06/2000,,5055826,593900,45.64962671224069,10.205090218837002,"(45.64962671224069, 10.205090218837002)",-400.2,1
6935,PM10 (SM2005),µg/m³,592,Treviglio,191.0,BG,Treviglio,N,03/02/2000,,5040815,546236,45.51933498138716,9.592009994888423,"(45.51933498138716, 9.592009994888425)",-301.4189189189189,1
6326,Ossidi di Azoto,µg/m³,546,Magenta,137.0,MI,Magenta,N,22/04/1995,,5034328,490635,45.462415791106615,8.88021043312557,"(45.462415791106615, 8.880210433125571)",99.24278290993095,1
5807,Monossido di Carbonio,mg/m³,576,Merate,279.0,LC,Merate,N,24/12/1991,,5060569,531623,45.697951989702425,9.406190938686596,"(45.69795198970243, 9.406190938686596)",-663.3515034236685,1
10288,Ozono,µg/m³,706,Lecco - Via Sora,272.0,LC,Lecco,N,28/06/2007,,5078987,531045,45.86374884127965,9.399950344681852,"(45.86374884127965, 9.399950344681852)",-147.54744854806853,1
12685,Arsenico,ng/m³,633,Soresina,70.0,CR,Soresina,N,01/04/2008,,5014860,567712,45.28397715446764,9.863398419993636,"(45.28397715446764, 9.863398419993635)",1.1340400000000006,1
12695,Piombo,ng/m³,1264,Sondrio - via Paribelli,290.0,SO,Sondrio,N,01/04/2008,,5113073,567873,46.16785244066512,9.879209924469905,"(46.167852440665115, 9.879209924469903)",5.325440000000002,1
6260,Ossidi di Azoto,µg/m³,607,Abbadia Cerreto,64.0,LO,Abbadia Cerreto,N,13/01/2000,,5017500,545920,45.309502269282255,9.585790416120414,"(45.309502269282255, 9.585790416120414)",33.35292591524943,1
6400,Ossidi di Azoto,µg/m³,560,Varese - via Copelli,383.0,VA,Varese,N,07/08/2003,,5073728,486035,45.81697323326368,8.820240707158211,"(45.816973233263674, 8.820240707158211)",69.14492957746471,1
12641,Benzo(a)pirene,ng/m³,548,Milano - via Senato,118.0,MI,Milano,N,10/07/2008,,5035238,515435,45.470499014097,9.197460360112533,"(45.470499014097, 9.197460360112531)",0.5803529411764712,1
12590,Cadmio,ng/m³,669,Brescia - Villaggio Sereno,70.0,BS,Brescia,N,01/04/2008,,5040636,593101,45.513038818653754,10.19194188877931,"(45.513038818653754, 10.19194188877931)",0.3734800000000002,1
17126,Benzene,µg/m³,705,Milano - Pascal Città Studi,122.0,MI,Milano,N,13/09/2012,,5036190,518405,45.47899606168744,9.235491038497502,"(45.47899606168744, 9.235491038497502)",-132.3026845637584,1
20401,Benzene,µg/m³,571,Bormio,1225.0,SO,Bormio,N,21/02/2017,,5147136,605598,46.469523971325856,10.375432759159036,"(46.46952397132585, 10.375432759159036)",-134.44324324324307,1
6945,PM10 (SM2005),µg/m³,633,Soresina,70.0,CR,Soresina,N,04/02/2000,,5014860,567712,45.28397715446764,9.863398419993636,"(45.28397715446764, 9.863398419993635)",-27.20408163265306,1
12616,Piombo,ng/m³,670,Mantova - S.Agnese,22.0,MN,Mantova,N,19/02/2008,,5002356,641122,45.16056833010576,10.795564113707881,"(45.16056833010576, 10.79556411370788)",6.114708333333335,1
10437,Ozono,µg/m³,1264,Sondrio - via Paribelli,290.0,SO,Sondrio,N,04/01/2009,,5113073,567873,46.16785244066512,9.879209924469905,"(46.167852440665115, 9.879209924469903)",-594.3822626492317,1
10037,Ossidi di Azoto,µg/m³,687,Ferno,215.0,VA,Ferno,N,06/11/2006,,5051773,481053,45.61924377994763,8.756970445453431,"(45.61924377994763, 8.756970445453431)",26.872727272727207,1
5825,Monossido di Carbonio,mg/m³,531,Limito,114.0,MI,Pioltello,N,11/11/1994,,5036730,525583,45.48363035323249,9.327360033215145,"(45.48363035323249, 9.327360033215145)",-1249.450511363634,1
12688,Benzo(a)pirene,ng/m³,633,Soresina,70.0,CR,Soresina,N,02/04/2008,,5014860,567712,45.28397715446764,9.863398419993636,"(45.28397715446764, 9.863398419993635)",0.6336730769230768,1
10070,Biossido di Zolfo,µg/m³,693,Sannazzaro de' Burgondi - AGIP,85.0,PV,Sannazzaro de' Burgondi,N,01/01/2007,,4994371,492461,45.102766276841365,8.90417452771467,"(45.10276627684137, 8.90417452771467)",-8.452089849303398,1
9972,Ozono,µg/m³,679,Valmadrera,247.0,LC,Valmadrera,N,21/02/2006,,5076576,527307,45.84220726102254,9.351658166127956,"(45.842207261022544, 9.351658166127958)",50.374560906515576,1
10438,Particelle sospese PM2.5,µg/m³,1264,Sondrio - via Paribelli,290.0,SO,Sondrio,N,11/11/2008,,5113073,567873,46.16785244066512,9.879209924469905,"(46.167852440665115, 9.879209924469903)",-48.77181208053691,1
9971,Monossido di Carbonio,mg/m³,679,Valmadrera,247.0,LC,Valmadrera,N,16/02/2006,,5076576,527307,45.84220726102254,9.351658166127956,"(45.842207261022544, 9.351658166127958)",-166.74192634561203,1
6764,Monossido di Carbonio,mg/m³,649,Brescia - Broletto,149.0,BS,Brescia,N,01/01/1983,,5043674,595467,45.54005784697138,10.222818449274216,"(45.540057846971386, 10.222818449274216)",-62.37607655502472,1
10458,Biossido di Azoto,µg/m³,1266,Bertonico,65.0,LO,Bertonico,N,03/08/2009,,5009105,552297,45.23349364130374,9.666250375296034,"(45.23349364130374, 9.666250375296032)",24.69234665166004,1
6701,Biossido di Azoto,µg/m³,643,Pavia - p.zza Minerva,77.0,PV,Pavia,N,03/03/2002,,5003660,511522,45.18632908049482,9.146666041286784,"(45.18632908049483, 9.146666041286784)",-170.77879640044995,1
9978,Particelle sospese PM2.5,µg/m³,609,Casirate d`Adda,108.0,BG,Casirate d'Adda,N,11/11/2005,,5038450,543458,45.498227133944944,9.55623226235176,"(45.49822713394494, 9.556232262351761)",-779.2684563758389,1
10016,Biossido di Zolfo,µg/m³,664,Mantova - p.zza Gramsci,18.0,MN,Mantova,N,30/10/2006,,5001351,640031,45.151743379576594,10.78140770009565,"(45.151743379576594, 10.78140770009565)",-205.30505651397976,1
6918,PM10 (SM2005),µg/m³,560,Varese - via Copelli,383.0,VA,Varese,N,17/07/2003,,5073728,486035,45.81697323326368,8.820240707158211,"(45.816973233263674, 8.820240707158211)",-41.296551724137935,1
5847,Monossido di Carbonio,mg/m³,558,Busto Arsizio - Accam,206.0,VA,Busto Arsizio,N,06/12/1998,,5047718,487687,45.582894292717725,8.842165456706075,"(45.582894292717725, 8.842165456706075)",-13.909390349610025,1
5652,Biossido di Zolfo,µg/m³,558,Busto Arsizio - Accam,206.0,VA,Busto Arsizio,N,06/12/1998,,5047718,487687,45.582894292717725,8.842165456706075,"(45.582894292717725, 8.842165456706075)",-211.61207045914003,1
11041,Biossido di Zolfo,µg/m³,674,Monza - via Machiavelli,162.0,MB,Monza,N,10/02/2011,,5047450,521343,45.580263484422424,9.273573092713274,"(45.58026348442243, 9.273573092713274)",-5194.939890395155,1
10038,Biossido di Azoto,µg/m³,687,Ferno,215.0,VA,Ferno,N,06/11/2006,,5051773,481053,45.61924377994763,8.756970445453431,"(45.61924377994763, 8.756970445453431)",5.089586265128021,1
5547,Biossido di Azoto,µg/m³,544,Cormano,153.0,MI,Cormano,N,24/10/1994,,5044180,512693,45.55104194437242,9.162613653151322,"(45.551041944372415, 9.162613653151322)",44.62163150492263,1
9852,Biossido di Azoto,µg/m³,672,Cornale (Voghera Energia),74.0,PV,Cornale,N,29/07/2005,,4987406,493238,45.040076572029626,8.914144599002407,"(45.04007657202963, 8.914144599002409)",-196.72374610371236,1
6685,Biossido di Azoto,µg/m³,642,Pavia - via Folperti,77.0,PV,Pavia,N,01/06/2002,,5004590,512932,45.19467609907785,9.164638300630086,"(45.19467609907785, 9.164638300630086)",-122.89799548277811,1
6665,Ozono,µg/m³,565,Cantù - via Meucci,369.0,CO,Cantù,N,17/01/2005,,5064150,509783,45.730836722674276,9.125734327022926,"(45.73083672267427, 9.125734327022926)",35.53209563994368,1
6869,Benzene,µg/m³,642,Pavia - via Folperti,77.0,PV,Pavia,N,06/06/2002,,5004590,512932,45.19467609907785,9.164638300630086,"(45.19467609907785, 9.164638300630086)",-3086.4114093959734,1
30158,Particelle sospese PM2.5,µg/m³,649,Brescia - Broletto,149.0,BS,Brescia,N,13/12/2013,,5043674,595467,45.54005784697138,10.222818449274216,"(45.540057846971386, 10.222818449274216)",-118.27659574468085,1
6232,Ossidi di Azoto,µg/m³,561,Como - viale Cattaneo,202.0,CO,Como,N,01/01/1991,,5073500,505203,45.815042860112904,9.06697137484454,"(45.81504286011291, 9.06697137484454)",26.88835171048912,1
9740,PM10 (SM2005),µg/m³,604,Tavazzano,85.0,LO,Tavazzano con Villavesco,N,05/04/2005,,5019734,532492,45.33036100181228,9.414644726627262,"(45.33036100181227, 9.414644726627262)",-235.53020134228188,1
9882,Ozono,µg/m³,674,Monza - via Machiavelli,162.0,MB,Monza,N,21/10/2005,,5047450,521343,45.580263484422424,9.273573092713274,"(45.58026348442243, 9.273573092713274)",35.84768384481755,1
20082,Ammoniaca,µg/m³,573,Colico,229.0,LC,Colico,N,20/11/2013,,5109468,529713,46.1381409051264,9.384687247651792,"(46.1381409051264, 9.384687247651794)",3.322297297297298,1
6706,Ossidi di Azoto,µg/m³,643,Pavia - p.zza Minerva,77.0,PV,Pavia,N,03/03/2002,,5003660,511522,45.18632908049482,9.146666041286784,"(45.18632908049483, 9.146666041286784)",-127.47949943757017,1
10505,Ossidi di Azoto,µg/m³,1269,Dalmine - via Verdi,207.0,BG,Dalmine,N,12/02/2010,,5055304,546847,45.649702512362474,9.601223338785262,"(45.64970251236247, 9.601223338785262)",-49.54569087312789,1
17286,Biossido di Azoto,µg/m³,1374,Monza Parco,181.0,MB,Monza,N,01/05/2013,,5049780,521452,45.60123219955139,9.27507265782848,"(45.60123219955139, 9.27507265782848)",-2202.6551515151514,1
10580,Biossido di Zolfo,µg/m³,627,Cremona - p.zza Cadorna,39.0,CR,Cremona,N,01/09/2010,,4998110,579872,45.131946912851724,10.015741513336044,"(45.13194691285173, 10.015741513336042)",1.3565633802816872,1
9888,Monossido di Carbonio,mg/m³,583,Bergamo - via Meucci,249.0,BG,Bergamo,N,11/03/2005,,5059922,550116,45.691037405472144,9.643650579461383,"(45.69103740547214, 9.643650579461385)",-5.319103037184112,1
10041,Ozono,µg/m³,687,Ferno,215.0,VA,Ferno,N,06/11/2006,,5051773,481053,45.61924377994763,8.756970445453431,"(45.61924377994763, 8.756970445453431)",44.15771754636231,1
5732,Ozono,µg/m³,573,Colico,229.0,LC,Colico,N,06/11/1996,,5109468,529713,46.1381409051264,9.384687247651792,"(46.1381409051264, 9.384687247651794)",-290.4862684031703,1
6212,Ossidi di Azoto,µg/m³,596,Osio Sotto,182.0,BG,Osio Sotto,N,06/04/2000,,5052072,547691,45.620555679395586,9.611737821812373,"(45.62055567939559, 9.611737821812373)",45.9617547806525,1
6871,Biossido di Azoto,µg/m³,663,Mantova - via Ariosto,18.0,MN,Mantova,N,01/01/2003,,5000669,641770,45.145260125788965,10.80332595007927,"(45.14526012578896, 10.80332595007927)",8.890203106332148,1
5718,Ozono,µg/m³,546,Magenta,137.0,MI,Magenta,N,29/07/1995,,5034328,490635,45.462415791106615,8.88021043312557,"(45.462415791106615, 8.880210433125571)",37.666984126984154,1
6879,Monossido di Carbonio,mg/m³,664,Mantova - p.zza Gramsci,18.0,MN,Mantova,N,11/06/2004,,5001351,640031,45.151743379576594,10.78140770009565,"(45.151743379576594, 10.78140770009565)",-58.637192774651986,1
30163,Biossido di Azoto,µg/m³,669,Brescia - Villaggio Sereno,70.0,BS,Brescia,N,13/12/2013,,5040636,593101,45.513038818653754,10.19194188877931,"(45.513038818653754, 10.19194188877931)",-1005.7533677184475,1
5797,Monossido di Carbonio,mg/m³,565,Cantù - via Meucci,369.0,CO,Cantù,N,04/10/1993,,5064150,509783,45.730836722674276,9.125734327022926,"(45.73083672267427, 9.125734327022926)",-50.22801687763714,1
10079,Biossido di Azoto,µg/m³,695,Ponti sul Mincio,113.0,MN,Ponti sul Mincio,N,20/12/2006,,5030184,631718,45.412771691686345,10.683357343786836,"(45.41277169168634, 10.683357343786835)",-15.199494649227073,1
5601,Biossido di Azoto,µg/m³,598,S.Rocco al Porto,50.0,LO,San Rocco al Porto,N,24/01/2002,,4992297,555154,45.08198669697864,9.70078817718398,"(45.081986696978625, 9.70078817718398)",18.681369472182606,1
6761,Biossido di Azoto,µg/m³,649,Brescia - Broletto,149.0,BS,Brescia,N,01/01/1983,,5043674,595467,45.54005784697138,10.222818449274216,"(45.540057846971386, 10.222818449274216)",0.49443779904306534,1
10043,PM10 (SM2005),µg/m³,687,Ferno,215.0,VA,Ferno,N,29/11/2006,,5051773,481053,45.61924377994763,8.756970445453431,"(45.61924377994763, 8.756970445453431)",28.322147651006713,1
12605,Benzo(a)pirene,ng/m³,655,Darfo (aria),221.0,BS,Darfo Boario Terme,N,17/04/2008,,5080789,591371,45.87460210989037,10.177356808981381,"(45.87460210989037, 10.17735680898138)",1.4038431372549018,1
5563,Biossido di Azoto,µg/m³,560,Varese - via Copelli,383.0,VA,Varese,N,07/08/2003,,5073728,486035,45.81697323326368,8.820240707158211,"(45.816973233263674, 8.820240707158211)",31.328181306306377,1
10450,Particelle sospese PM2.5,µg/m³,655,Darfo (aria),221.0,BS,Darfo Boario Terme,N,23/12/2008,,5080789,591371,45.87460210989037,10.177356808981381,"(45.87460210989037, 10.17735680898138)",-127.640625,1
5610,Biossido di Azoto,µg/m³,607,Abbadia Cerreto,64.0,LO,Abbadia Cerreto,N,13/01/2000,,5017500,545920,45.309502269282255,9.585790416120414,"(45.309502269282255, 9.585790416120414)",15.841106947247031,1
6953,PM10 (SM2005),µg/m³,659,Odolo,349.0,BS,Odolo,N,23/06/2000,,5055661,608260,45.646049633725255,10.389295302791961,"(45.64604963372525, 10.38929530279196)",36.177304964539005,1
5719,Ozono,µg/m³,542,Meda,222.0,MB,Meda,N,01/11/1995,,5056480,512203,45.66176219189168,9.156643984551595,"(45.66176219189168, 9.156643984551597)",-1268.9765661252882,1
6926,PM10 (SM2005),µg/m³,572,Morbegno - via Cortivacci,262.0,SO,Morbegno,N,14/12/1999,,5108901,543736,46.132282960003735,9.566179893984476,"(46.132282960003735, 9.566179893984474)",-115.43243243243244,1
5828,Monossido di Carbonio,mg/m³,542,Meda,222.0,MB,Meda,N,01/11/1995,,5056480,512203,45.66176219189168,9.156643984551595,"(45.66176219189168, 9.156643984551597)",-1480.9127002288312,1
5532,Biossido di Azoto,µg/m³,529,Cinisello Balsamo,149.0,MI,Cinisello Balsamo,N,24/11/1988,,5044335,517778,45.55232578741208,9.227764233272632,"(45.55232578741208, 9.227764233272634)",50.40095930232566,1
10432,Biossido di Azoto,µg/m³,1264,Sondrio - via Paribelli,290.0,SO,Sondrio,N,04/01/2009,,5113073,567873,46.16785244066512,9.879209924469905,"(46.167852440665115, 9.879209924469903)",-336.40528709494043,1
12603,Cadmio,ng/m³,655,Darfo (aria),221.0,BS,Darfo Boario Terme,N,18/04/2008,,5080789,591371,45.87460210989037,10.177356808981381,"(45.87460210989037, 10.17735680898138)",0.25604347826086965,1
20358,Particelle sospese PM2.5,µg/m³,504,Sesto S.Giovanni,139.0,MI,Sesto San Giovanni,N,01/01/2017,,5042386,518435,45.53476576509224,9.236107923411636,"(45.53476576509224, 9.236107923411636)",-1063.6159420289855,1
9997,Ozono,µg/m³,682,Ferrera Erbognone - ENI,88.0,PV,Ferrera Erbognone,N,21/01/2006,,4995567,490094,45.11350314482957,8.874064848882607,"(45.11350314482957, 8.874064848882607)",-0.8062499999999894,1
10506,Benzene,µg/m³,1269,Dalmine - via Verdi,207.0,BG,Dalmine,N,01/09/2010,,5055304,546847,45.649702512362474,9.601223338785262,"(45.64970251236247, 9.601223338785262)",-670.2261744966443,1
9961,PM10 (SM2005),µg/m³,669,Brescia - Villaggio Sereno,70.0,BS,Brescia,N,01/01/2006,,5040636,593101,45.513038818653754,10.19194188877931,"(45.513038818653754, 10.19194188877931)",-168.4758620689655,1
20041,Ozono,µg/m³,670,Mantova - S.Agnese,22.0,MN,Mantova,N,13/12/2013,,5002356,641122,45.16056833010576,10.795564113707881,"(45.16056833010576, 10.79556411370788)",34.479030339083856,1
5555,Biossido di Azoto,µg/m³,552,Varese - Vidoletti,425.0,VA,Varese,N,24/12/1991,,5075945,484773,45.83690077655548,8.803926126674948,"(45.83690077655548, 8.80392612667495)",20.15308016877637,1
6582,Ozono,µg/m³,561,Como - viale Cattaneo,202.0,CO,Como,N,17/02/1991,,5073500,505203,45.815042860112904,9.06697137484454,"(45.81504286011291, 9.06697137484454)",-77.06358495900473,1
6956,PM10 (SM2005),µg/m³,528,Milano - Verziere,116.0,MI,Milano,N,01/11/2001,,5034443,515270,45.46334674066655,9.195324807668856,"(45.463346740666545, 9.195324807668857)",-383.78472222222223,1
17284,Ammoniaca,µg/m³,1374,Monza Parco,181.0,MB,Monza,N,08/02/2013,,5049780,521452,45.60123219955139,9.27507265782848,"(45.60123219955139, 9.27507265782848)",-6747.972297297299,1
5704,Biossido di Zolfo,µg/m³,569,Sondrio - via Mazzini,307.0,SO,Sondrio,N,01/11/1993,,5113078,567173,46.16796681227828,9.87014407497457,"(46.16796681227828, 9.87014407497457)",-13.037966685812696,1
6204,Ossidi di Azoto,µg/m³,592,Treviglio,191.0,BG,Treviglio,N,02/06/1991,,5040815,546236,45.51933498138716,9.592009994888423,"(45.51933498138716, 9.592009994888425)",37.59861932938857,1
10283,Particelle sospese PM2.5,µg/m³,705,Milano - Pascal Città Studi,122.0,MI,Milano,N,29/03/2007,,5036190,518405,45.47899606168744,9.235491038497502,"(45.47899606168744, 9.235491038497502)",-114.12676056338029,1
6880,Biossido di Azoto,µg/m³,665,Viadana,37.0,MN,Viadana,N,25/10/2003,,4975705,619759,44.92469404955067,10.517502067117825,"(44.92469404955067, 10.517502067117825)",27.121934317565557,1
20031,Ammoniaca,µg/m³,693,Sannazzaro de' Burgondi - AGIP,85.0,PV,Sannazzaro de' Burgondi,N,24/10/2013,,4994371,492461,45.102766276841365,8.90417452771467,"(45.10276627684137, 8.90417452771467)",-57.01351351351352,1
9873,Particelle sospese PM2.5,µg/m³,554,Saronno - via Santuario,212.0,VA,Saronno,N,11/12/2005,,5052520,503123,45.62621896083601,9.040063090678212,"(45.626218960836006, 9.04006309067821)",20.74829931972789,1
5630,Biossido di Zolfo,µg/m³,531,Limito,114.0,MI,Pioltello,N,07/05/1989,,5036730,525583,45.48363035323249,9.327360033215145,"(45.48363035323249, 9.327360033215145)",-11.778061370805858,1
12673,Nikel,ng/m³,1264,Sondrio - via Paribelli,290.0,SO,Sondrio,N,01/04/2008,,5113073,567873,46.16785244066512,9.879209924469905,"(46.167852440665115, 9.879209924469903)",10.735480000000003,1
10548,PM10 (SM2005),µg/m³,1269,Dalmine - via Verdi,207.0,BG,Dalmine,N,26/02/2010,,5055304,546847,45.649702512362474,9.601223338785262,"(45.64970251236247, 9.601223338785262)",-890.6879432624113,1
17127,Benzene,µg/m³,501,Milano - viale Marche,129.0,MI,Milano,N,13/09/2012,,5038105,514918,45.496316443651025,9.190933555313624,"(45.49631644365102, 9.190933555313624)",-601.6557046979864,1
5700,Biossido di Zolfo,µg/m³,571,Bormio,1225.0,SO,Bormio,N,01/11/1993,,5147136,605598,46.469523971325856,10.375432759159036,"(46.46952397132585, 10.375432759159036)",-4.218751789292863,1
9965,PM10 (SM2005),µg/m³,609,Casirate d`Adda,108.0,BG,Casirate d'Adda,N,01/01/2006,,5038450,543458,45.498227133944944,9.55623226235176,"(45.49822713394494, 9.556232262351761)",-1110.751677852349,1
10002,Monossido di Carbonio,mg/m³,683,Cassano d'Adda 2 - Via Milano,133.0,MI,Cassano d'Adda,N,22/04/2006,,5041567,540293,45.52647254585104,9.515980483627095,"(45.52647254585104, 9.515980483627096)",-243.83583684950284,1
6228,Ossidi di Azoto,µg/m³,588,Tavernola Bergamasca,191.0,BG,Tavernola Bergamasca,N,21/09/1990,,5063058,581311,45.71629992411727,10.044765999368435,"(45.71629992411727, 10.044765999368437)",44.67431063590323,1
10280,Biossido di Zolfo,µg/m³,705,Milano - Pascal Città Studi,122.0,MI,Milano,N,16/06/2007,,5036190,518405,45.47899606168744,9.235491038497502,"(45.47899606168744, 9.235491038497502)",-31.846536059057375,1
10270,Ozono,µg/m³,655,Darfo (aria),221.0,BS,Darfo Boario Terme,N,01/01/2007,,5080789,591371,45.87460210989037,10.177356808981381,"(45.87460210989037, 10.17735680898138)",-68.55904907975452,1
5844,Monossido di Carbonio,mg/m³,572,Morbegno - via Cortivacci,262.0,SO,Morbegno,N,13/01/1999,,5108901,543736,46.132282960003735,9.566179893984476,"(46.132282960003735, 9.566179893984474)",-61.8555649957519,1
9877,Biossido di Azoto,µg/m³,674,Monza - via Machiavelli,162.0,MB,Monza,N,21/10/2005,,5047450,521343,45.580263484422424,9.273573092713274,"(45.58026348442243, 9.273573092713274)",-4831.035145240145,1
20155,PM10 (SM2005),µg/m³,690,Casoni - AGIP,73.0,PV,Mezzana Bigli,N,20/11/2013,,4990697,489679,45.06965864138592,8.868889299439221,"(45.069658641385914, 8.86888929943922)",-1607.0408163265306,1
10587,Ammoniaca,µg/m³,1266,Bertonico,65.0,LO,Bertonico,N,04/03/2009,,5009105,552297,45.23349364130374,9.666250375296034,"(45.23349364130374, 9.666250375296032)",-976.5328859060401,1
20020,Ammoniaca,µg/m³,705,Milano - Pascal Città Studi,122.0,MI,Milano,N,30/03/2007,,5036190,518405,45.47899606168744,9.235491038497502,"(45.47899606168744, 9.235491038497502)",-4996.416891891895,1
10027,PM10 (SM2005),µg/m³,685,Calusco d' Adda,273.0,BG,Calusco d'Adda,N,30/06/2006,,5059767,537706,45.690429078545144,9.484260927647787,"(45.69042907854514, 9.484260927647789)",27.181208053691275,1
20216,Biossido di Zolfo,µg/m³,690,Casoni - AGIP,73.0,PV,Mezzana Bigli,N,20/01/2006,,4990697,489679,45.06965864138592,8.868889299439221,"(45.069658641385914, 8.86888929943922)",-63.46129395217974,1
6418,Monossido di Carbonio,mg/m³,629,Crema - via XI febbraio,79.0,CR,Crema,N,17/05/1996,,5023885,555127,45.36630907819434,9.703945513613167,"(45.366309078194334, 9.703945513613167)",-5.1251476793249315,1
6782,Monossido di Carbonio,mg/m³,652,Brescia - via Turati,154.0,BS,Brescia,N,12/01/1999,,5043626,596168,45.539529434955995,10.231785907477224,"(45.539529434955995, 10.231785907477223)",-31.881568744408035,1
5717,Ozono,µg/m³,531,Limito,114.0,MI,Pioltello,N,13/05/1989,,5036730,525583,45.48363035323249,9.327360033215145,"(45.48363035323249, 9.327360033215145)",-59.791415313225066,1
10329,Ossidi di Azoto,µg/m³,708,Parona,112.0,PV,Parona,N,01/10/2007,,5014300,480733,45.281935610357905,8.754334594539825,"(45.281935610357905, 8.754334594539825)",32.10352092352082,1
5798,Monossido di Carbonio,mg/m³,561,Como - viale Cattaneo,202.0,CO,Como,N,17/02/1991,,5073500,505203,45.815042860112904,9.06697137484454,"(45.81504286011291, 9.06697137484454)",-463.0008199038775,1
12674,Arsenico,ng/m³,1264,Sondrio - via Paribelli,290.0,SO,Sondrio,N,01/04/2008,,5113073,567873,46.16785244066512,9.879209924469905,"(46.167852440665115, 9.879209924469903)",1.0500000000000005,1
9772,Benzene,µg/m³,600,Lodi - viale Vignati,80.0,LO,Lodi,N,23/04/2005,,5017060,538042,45.30601298752377,9.48526286320174,"(45.30601298752377, 9.48526286320174)",-334.98053691275226,1
10463,Ozono,µg/m³,1266,Bertonico,65.0,LO,Bertonico,N,03/08/2009,,5009105,552297,45.23349364130374,9.666250375296034,"(45.23349364130374, 9.666250375296032)",-73.53716938660659,1
6691,Ozono,µg/m³,642,Pavia - via Folperti,77.0,PV,Pavia,N,01/06/2002,,5004590,512932,45.19467609907785,9.164638300630086,"(45.19467609907785, 9.164638300630086)",-319.1433370976851,1
10169,Monossido di Carbonio,mg/m³,703,Schivenoglia,,MN,Schivenoglia,N,29/11/2006,,4986922,663580,45.01687782075543,11.07609463264049,"(45.016877820755425, 11.07609463264049)",-35.15318141461958,1
9797,Benzene,µg/m³,670,Mantova - S.Agnese,22.0,MN,Mantova,N,30/09/2005,,5002356,641122,45.16056833010576,10.795564113707881,"(45.16056833010576, 10.79556411370788)",-991.8765957446802,1
6208,Ossidi di Azoto,µg/m³,595,Filago - via Don Milani,190.0,BG,Filago,N,06/03/1992,,5053519,543342,45.63386450908066,9.556084255790863,"(45.63386450908066, 9.556084255790864)",5.8865472127418,1
5551,Biossido di Azoto,µg/m³,548,Milano - via Senato,118.0,MI,Milano,N,21/04/1995,,5035238,515435,45.470499014097,9.197460360112533,"(45.470499014097, 9.197460360112531)",11.687801418439724,1
6386,Ossidi di Azoto,µg/m³,558,Busto Arsizio - Accam,206.0,VA,Busto Arsizio,N,06/12/1998,,5047718,487687,45.582894292717725,8.842165456706075,"(45.582894292717725, 8.842165456706075)",59.33604852686299,1
10335,PM10 (SM2005),µg/m³,709,Vigevano - via Valletta,109.0,PV,Vigevano,N,08/08/2007,,5016690,487833,45.303607869655714,8.844804609965438,"(45.303607869655714, 8.844804609965438)",-372.0402684563758,1
10013,Particelle sospese PM2.5,µg/m³,576,Merate,279.0,LC,Merate,N,10/09/2006,,5060569,531623,45.697951989702425,9.406190938686596,"(45.69795198970243, 9.406190938686596)",23.043795620437955,1
9924,Monossido di Carbonio,mg/m³,677,Cremona - Via Fatebenefratelli,43.0,CR,Cremona,N,08/04/2006,,4999315,582066,45.14254063221695,10.043836158369393,"(45.14254063221695, 10.043836158369393)",-227.67279639538688,1
6927,PM10 (SM2005),µg/m³,574,Lecco - Via Amendola,214.0,LC,Lecco,N,12/05/2000,,5077479,530713,45.85019119457854,9.395577066893225,"(45.850191194578535, 9.395577066893223)",25.620689655172413,1
10018,Benzene,µg/m³,685,Calusco d' Adda,273.0,BG,Calusco d'Adda,N,30/06/2006,,5059767,537706,45.690429078545144,9.484260927647787,"(45.69042907854514, 9.484260927647789)",-132.97986577181203,1
10396,Particelle sospese PM2.5,µg/m³,674,Monza - via Machiavelli,162.0,MB,Monza,N,19/12/2008,,5047450,521343,45.580263484422424,9.273573092713274,"(45.58026348442243, 9.273573092713274)",-48.34722222222222,1
5698,Biossido di Zolfo,µg/m³,604,Tavazzano,85.0,LO,Tavazzano con Villavesco,N,13/01/2000,,5019734,532492,45.33036100181228,9.414644726627262,"(45.33036100181227, 9.414644726627262)",-4.80296380735253,1
6412,Ossidi di Azoto,µg/m³,627,Cremona - p.zza Cadorna,39.0,CR,Cremona,N,01/01/2002,,4998110,579872,45.131946912851724,10.015741513336044,"(45.13194691285173, 10.015741513336042)",53.12199380456199,1
10451,Ossidi di Azoto,µg/m³,1265,Lodi - S. Alberto,76.0,LO,Lodi,N,03/08/2009,,5016706,538829,45.30278350309578,9.495273696926324,"(45.302783503095775, 9.495273696926324)",63.22804500703229,1
10023,Monossido di Carbonio,mg/m³,685,Calusco d' Adda,273.0,BG,Calusco d'Adda,N,30/06/2006,,5059767,537706,45.690429078545144,9.484260927647787,"(45.69042907854514, 9.484260927647789)",-259.10104372354016,1
10291,Ammoniaca,µg/m³,681,Moggio,1194.0,LC,Moggio,N,17/03/2007,,5084478,538586,45.91278752030293,9.497538167653424,"(45.91278752030292, 9.497538167653424)",-1676.8953020134227,1
5827,Monossido di Carbonio,mg/m³,501,Milano - viale Marche,129.0,MI,Milano,N,05/04/1989,,5038105,514918,45.496316443651025,9.190933555313624,"(45.49631644365102, 9.190933555313624)",-308.3619127988754,1
10197,Particelle sospese PM2.5,µg/m³,697,Borgofranco - loc. Bonizzo,14.0,MN,Borgofranco sul Po,S,01/12/2006,,4990430,671752,45.046501538167355,11.18093581912755,"(45.04650153816735, 11.18093581912755)",-766.158273381295,1
6832,Ozono,µg/m³,657,Lonato,180.0,BS,Lonato del Garda,N,14/03/2004,,5035536,615762,45.46375313621026,10.480772043571283,"(45.463753136210265, 10.480772043571283)",24.48734098665847,1
5707,Ozono,µg/m³,551,Arconate (aria),182.0,MI,Arconate,N,20/01/1999,,5043898,488082,45.54851735741946,8.847321929216262,"(45.54851735741946, 8.847321929216262)",-523.7471687429218,1
6057,Benzene,µg/m³,548,Milano - via Senato,118.0,MI,Milano,N,01/01/1999,,5035238,515435,45.470499014097,9.197460360112533,"(45.470499014097, 9.197460360112531)",-2212.922147651006,1
12676,Benzo(a)pirene,ng/m³,1264,Sondrio - via Paribelli,290.0,SO,Sondrio,N,22/04/2008,,5113073,567873,46.16785244066512,9.879209924469905,"(46.167852440665115, 9.879209924469903)",2.2926078431372545,1
5826,Monossido di Carbonio,mg/m³,546,Magenta,137.0,MI,Magenta,N,22/04/1995,,5034328,490635,45.462415791106615,8.88021043312557,"(45.462415791106615, 8.880210433125571)",-405.14269791368577,1
20034,Biossido di Azoto,µg/m³,693,Sannazzaro de' Burgondi - AGIP,85.0,PV,Sannazzaro de' Burgondi,N,16/09/2006,,4994371,492461,45.102766276841365,8.90417452771467,"(45.10276627684137, 8.90417452771467)",19.461547212741724,1
6234,Ossidi di Azoto,µg/m³,564,Erba - via Battisti,279.0,CO,Erba,N,13/06/2009,,5072803,517232,45.80857380692297,9.221779204488437,"(45.808573806922965, 9.221779204488435)",-30.043932107496474,1
5739,Ozono,µg/m³,571,Bormio,1225.0,SO,Bormio,N,29/05/1996,,5147136,605598,46.469523971325856,10.375432759159036,"(46.46952397132585, 10.375432759159036)",-148.3379685264665,1
20197,PM10 (SM2005),µg/m³,598,S.Rocco al Porto,50.0,LO,San Rocco al Porto,N,01/01/2002,,4992297,555154,45.08198669697864,9.70078817718398,"(45.081986696978625, 9.70078817718398)",31.864864864864863,1
10449,Particelle sospese PM2.5,µg/m³,560,Varese - via Copelli,383.0,VA,Varese,N,01/09/2009,,5073728,486035,45.81697323326368,8.820240707158211,"(45.816973233263674, 8.820240707158211)",22.1,1
20443,Biossido di Azoto,µg/m³,681,Moggio,1194.0,LC,Moggio,N,16/03/2007,,5084478,538586,45.91278752030293,9.497538167653424,"(45.91278752030292, 9.497538167653424)",5.708784893267657,1
30160,Biossido di Azoto,µg/m³,655,Darfo (aria),221.0,BS,Darfo Boario Terme,N,13/12/2013,,5080789,591371,45.87460210989037,10.177356808981381,"(45.87460210989037, 10.17735680898138)",13.835041423749637,1
6690,Ossidi di Azoto,µg/m³,642,Pavia - via Folperti,77.0,PV,Pavia,N,01/06/2002,,5004590,512932,45.19467609907785,9.164638300630086,"(45.19467609907785, 9.164638300630086)",-93.85803445354418,1
12615,Cadmio,ng/m³,670,Mantova - S.Agnese,22.0,MN,Mantova,N,19/02/2008,,5002356,641122,45.16056833010576,10.795564113707881,"(45.16056833010576, 10.79556411370788)",0.4137916666666665,1
5549,Biossido di Azoto,µg/m³,546,Magenta,137.0,MI,Magenta,N,22/04/1995,,5034328,490635,45.462415791106615,8.88021043312557,"(45.462415791106615, 8.880210433125571)",41.808917748917644,1
9860,Ossidi di Azoto,µg/m³,673,Voghera - via Pozzoni,90.0,PV,Voghera,N,28/07/2005,,4982900,500665,44.99954598914025,9.008437381815693,"(44.99954598914026, 9.008437381815693)",38.18624472573836,1
6330,Ossidi di Azoto,µg/m³,542,Meda,222.0,MB,Meda,N,01/11/1995,,5056480,512203,45.66176219189168,9.156643984551595,"(45.66176219189168, 9.156643984551597)",-344.8514549121287,1
6252,Ossidi di Azoto,µg/m³,576,Merate,279.0,LC,Merate,N,01/01/1991,,5060569,531623,45.697951989702425,9.406190938686596,"(45.69795198970243, 9.406190938686596)",-75.09166170339485,1
6859,Biossido di Azoto,µg/m³,661,Rezzato,147.0,BS,Rezzato,N,05/08/1992,,5041110,604367,45.515708294844586,10.336240422996532,"(45.51570829484459, 10.336240422996532)",-668.4253816222696,1
9993,Biossido di Azoto,µg/m³,682,Ferrera Erbognone - ENI,88.0,PV,Ferrera Erbognone,N,21/01/2006,,4995567,490094,45.11350314482957,8.874064848882607,"(45.11350314482957, 8.874064848882607)",-27.746267772511843,1
10259,Benzene,µg/m³,569,Sondrio - via Mazzini,307.0,SO,Sondrio,N,19/09/2006,,5113078,567173,46.16796681227828,9.87014407497457,"(46.16796681227828, 9.87014407497457)",-135.38435374149654,1
12611,Benzo(a)pirene,ng/m³,546,Magenta,137.0,MI,Magenta,N,15/04/2008,,5034328,490635,45.462415791106615,8.88021043312557,"(45.462415791106615, 8.880210433125571)",1.3599423076923072,1
20428,PM10 (SM2005),µg/m³,683,Cassano d'Adda 2 - Via Milano,133.0,MI,Cassano d'Adda,N,19/12/2017,,5041567,540293,45.52647254585104,9.515980483627095,"(45.52647254585104, 9.515980483627096)",-429.4496644295302,1
9833,Benzene,µg/m³,664,Mantova - p.zza Gramsci,18.0,MN,Mantova,N,16/05/2005,,5001351,640031,45.151743379576594,10.78140770009565,"(45.151743379576594, 10.78140770009565)",-779.4567375886527,1
5591,Biossido di Azoto,µg/m³,588,Tavernola Bergamasca,191.0,BG,Tavernola Bergamasca,N,21/09/1990,,5063058,581311,45.71629992411727,10.044765999368435,"(45.71629992411727, 10.044765999368437)",17.704191279887468,1
9798,Monossido di Carbonio,mg/m³,670,Mantova - S.Agnese,22.0,MN,Mantova,N,28/12/2004,,5002356,641122,45.16056833010576,10.795564113707881,"(45.16056833010576, 10.79556411370788)",-8.345465358310992,1
10168,Biossido di Zolfo,µg/m³,703,Schivenoglia,,MN,Schivenoglia,N,13/12/2006,,4986922,663580,45.01687782075543,11.07609463264049,"(45.016877820755425, 11.07609463264049)",-246.30049809551699,1
6951,PM10 (SM2005),µg/m³,649,Brescia - Broletto,149.0,BS,Brescia,N,23/09/2000,,5043674,595467,45.54005784697138,10.222818449274216,"(45.540057846971386, 10.222818449274216)",-107.51063829787235,1
5554,Biossido di Azoto,µg/m³,551,Arconate (aria),182.0,MI,Arconate,N,20/01/1999,,5043898,488082,45.54851735741946,8.847321929216262,"(45.54851735741946, 8.847321929216262)",-518.130747451869,1
5517,Biossido di Azoto,µg/m³,514,Rho - via Statuto,152.0,MI,Rho,N,03/10/1991,,5041100,503483,45.523425662003476,9.044599871111004,"(45.523425662003476, 9.044599871111005)",-1312.718941109853,1
5579,Biossido di Azoto,µg/m³,576,Merate,279.0,LC,Merate,N,18/02/1991,,5060569,531623,45.697951989702425,9.406190938686596,"(45.69795198970243, 9.406190938686596)",-113.8571598690089,1
6264,Ossidi di Azoto,µg/m³,608,Codogno - via Trento,59.0,LO,Codogno,N,13/01/2000,,5000892,554872,45.15937280234111,9.698148249352538,"(45.15937280234111, 9.69814824935254)",48.080361305361244,1
10583,Ossidi di Azoto,µg/m³,1274,Perledo,212.0,LC,Perledo,N,01/09/2010,,5095846,522171,46.01582830438375,9.286409208680807,"(46.01582830438376, 9.286409208680807)",5.013449634214976,1
6826,Biossido di Azoto,µg/m³,657,Lonato,180.0,BS,Lonato del Garda,N,16/02/1990,,5035536,615762,45.46375313621026,10.480772043571283,"(45.463753136210265, 10.480772043571283)",-59.476534407935596,1
20104,Particelle sospese PM2.5,µg/m³,592,Treviglio,191.0,BG,Treviglio,N,01/03/2015,,5040815,546236,45.51933498138716,9.592009994888423,"(45.51933498138716, 9.592009994888425)",-111.4496644295302,1
12671,Benzo(a)pirene,ng/m³,703,Schivenoglia,,MN,Schivenoglia,N,22/02/2008,,4986922,663580,45.01687782075543,11.07609463264049,"(45.016877820755425, 11.07609463264049)",0.4461399999999997,1
5504,Biossido di Azoto,µg/m³,501,Milano - viale Marche,129.0,MI,Milano,N,18/09/1980,,5038105,514918,45.496316443651025,9.190933555313624,"(45.49631644365102, 9.190933555313624)",-142.1600113282357,1
9968,Ossidi di Azoto,µg/m³,679,Valmadrera,247.0,LC,Valmadrera,N,16/02/2006,,5076576,527307,45.84220726102254,9.351658166127956,"(45.842207261022544, 9.351658166127958)",-6.53160430839004,1
10258,Ammoniaca,µg/m³,626,Corte de Cortesi,57.0,CR,Corte de' Cortesi con Cignone,N,22/11/2006,,5014380,578919,45.27848755478839,10.006202391204337,"(45.27848755478839, 10.006202391204335)",40.13020134228188,1
10301,Benzene,µg/m³,574,Lecco - Via Amendola,214.0,LC,Lecco,N,07/11/2006,,5077479,530713,45.85019119457854,9.395577066893225,"(45.850191194578535, 9.395577066893223)",-200.5140939597316,1
9983,Particelle sospese PM2.5,µg/m³,672,Cornale (Voghera Energia),74.0,PV,Cornale,N,02/02/2006,,4987406,493238,45.040076572029626,8.914144599002407,"(45.04007657202963, 8.914144599002409)",-113.24324324324324,1
5738,Ozono,µg/m³,607,Abbadia Cerreto,64.0,LO,Abbadia Cerreto,N,10/04/2001,,5017500,545920,45.309502269282255,9.585790416120414,"(45.309502269282255, 9.585790416120414)",-55.793686941481596,1
17122,Particelle sospese PM2.5,µg/m³,548,Milano - via Senato,118.0,MI,Milano,N,04/09/2012,,5035238,515435,45.470499014097,9.197460360112533,"(45.470499014097, 9.197460360112531)",26.53061224489796,1
17162,Particelle sospese PM2.5,µg/m³,681,Moggio,1194.0,LC,Moggio,N,20/10/2012,,5084478,538586,45.91278752030293,9.497538167653424,"(45.91278752030292, 9.497538167653424)",-57.851351351351354,1
5575,Biossido di Azoto,µg/m³,572,Morbegno - via Cortivacci,262.0,SO,Morbegno,N,13/01/1999,,5108901,543736,46.132282960003735,9.566179893984476,"(46.132282960003735, 9.566179893984474)",-131.8192013593885,1
5749,Ozono,µg/m³,554,Saronno - via Santuario,212.0,VA,Saronno,N,09/05/1991,,5052520,503123,45.62621896083601,9.040063090678212,"(45.626218960836006, 9.04006309067821)",41.33845496009122,1
6917,PM10 (SM2005),µg/m³,558,Busto Arsizio - Accam,206.0,VA,Busto Arsizio,N,20/01/1999,,5047718,487687,45.582894292717725,8.842165456706075,"(45.582894292717725, 8.842165456706075)",-109.5068493150685,1
6813,Biossido di Azoto,µg/m³,656,Gambara,47.0,BS,Gambara,N,16/02/1990,,5011493,601945,45.249543624746245,10.299119496064078,"(45.24954362474624, 10.299119496064078)",-48.238598130841204,1
6230,Ossidi di Azoto,µg/m³,565,Cantù - via Meucci,369.0,CO,Cantù,N,01/07/1994,,5064150,509783,45.730836722674276,9.125734327022926,"(45.73083672267427, 9.125734327022926)",30.981767023072674,1
5677,Biossido di Zolfo,µg/m³,564,Erba - via Battisti,279.0,CO,Erba,N,13/06/2009,,5072803,517232,45.80857380692297,9.221779204488437,"(45.808573806922965, 9.221779204488435)",1.347481607243922,1
12684,Nikel,ng/m³,633,Soresina,70.0,CR,Soresina,N,01/04/2008,,5014860,567712,45.28397715446764,9.863398419993636,"(45.28397715446764, 9.863398419993635)",4.031999999999997,1
6803,Ossidi di Azoto,µg/m³,654,Sarezzo - via Minelli,269.0,BS,Sarezzo,N,01/01/1990,,5055826,593900,45.64962671224069,10.205090218837002,"(45.64962671224069, 10.205090218837002)",-25.83674219228411,1
10581,Biossido di Azoto,µg/m³,1274,Perledo,212.0,LC,Perledo,N,01/09/2010,,5095846,522171,46.01582830438375,9.286409208680807,"(46.01582830438376, 9.286409208680807)",-1.2682611142374534,1
10019,Biossido di Azoto,µg/m³,685,Calusco d' Adda,273.0,BG,Calusco d'Adda,N,30/06/2006,,5059767,537706,45.690429078545144,9.484260927647787,"(45.69042907854514, 9.484260927647789)",-90.51813310772685,1
6366,Ossidi di Azoto,µg/m³,528,Milano - Verziere,116.0,MI,Milano,N,24/11/1988,,5034443,515270,45.46334674066655,9.195324807668856,"(45.463346740666545, 9.195324807668857)",65.52708333333334,1
12570,Particelle sospese PM2.5,µg/m³,561,Como - viale Cattaneo,202.0,CO,Como,N,23/09/2011,,5073500,505203,45.815042860112904,9.06697137484454,"(45.81504286011291, 9.06697137484454)",-529.8482758620689,1
6925,PM10 (SM2005),µg/m³,571,Bormio,1225.0,SO,Bormio,N,18/04/2003,,5147136,605598,46.469523971325856,10.375432759159036,"(46.46952397132585, 10.375432759159036)",10.666666666666666,1
6912,PM10 (SM2005),µg/m³,546,Magenta,137.0,MI,Magenta,N,25/02/1998,,5034328,490635,45.462415791106615,8.88021043312557,"(45.462415791106615, 8.880210433125571)",36.82394366197183,1
5794,Monossido di Carbonio,mg/m³,584,Bergamo - via Garibaldi,249.0,BG,Bergamo,N,16/06/1994,,5060449,551482,45.69568034432694,9.66124914606551,"(45.69568034432694, 9.66124914606551)",-19.453865905848613,1
10547,Particelle sospese PM2.5,µg/m³,1269,Dalmine - via Verdi,207.0,BG,Dalmine,N,26/02/2010,,5055304,546847,45.649702512362474,9.601223338785262,"(45.64970251236247, 9.601223338785262)",-849.1532846715329,1
10584,Ozono,µg/m³,1274,Perledo,212.0,LC,Perledo,N,01/09/2010,,5095846,522171,46.01582830438375,9.286409208680807,"(46.01582830438376, 9.286409208680807)",-137.01401238041606,1
10165,Ossidi di Azoto,µg/m³,703,Schivenoglia,,MN,Schivenoglia,N,29/11/2006,,4986922,663580,45.01687782075543,11.07609463264049,"(45.016877820755425, 11.07609463264049)",-111.21834701055117,1
10095,Ossidi di Azoto,µg/m³,697,Borgofranco - loc. Bonizzo,14.0,MN,Borgofranco sul Po,N,29/11/2006,,4990430,671752,45.046501538167355,11.18093581912755,"(45.04650153816735, 11.18093581912755)",-10.418661137440761,1
10036,Benzene,µg/m³,673,Voghera - via Pozzoni,90.0,PV,Voghera,N,28/07/2005,,4982900,500665,44.99954598914025,9.008437381815693,"(44.99954598914026, 9.008437381815693)",-1006.2026845637575,1
12602,Arsenico,ng/m³,655,Darfo (aria),221.0,BS,Darfo Boario Terme,N,18/04/2008,,5080789,591371,45.87460210989037,10.177356808981381,"(45.87460210989037, 10.17735680898138)",1.3439565217391307,1
6402,Ossidi di Azoto,µg/m³,552,Varese - Vidoletti,425.0,VA,Varese,N,23/12/1991,,5075945,484773,45.83690077655548,8.803926126674948,"(45.83690077655548, 8.80392612667495)",32.09398030942337,1
5853,Monossido di Carbonio,mg/m³,560,Varese - via Copelli,383.0,VA,Varese,N,07/08/2003,,5073728,486035,45.81697323326368,8.820240707158211,"(45.816973233263674, 8.820240707158211)",-7.891976351351358,1
6872,Biossido di Zolfo,µg/m³,663,Mantova - via Ariosto,18.0,MN,Mantova,N,01/01/2003,,5000669,641770,45.145260125788965,10.80332595007927,"(45.14526012578896, 10.80332595007927)",-4.230645161290249,1
12668,Arsenico,ng/m³,703,Schivenoglia,,MN,Schivenoglia,N,23/02/2008,,4986922,663580,45.01687782075543,11.07609463264049,"(45.016877820755425, 11.07609463264049)",0.6141599999999997,1
10103,PM10 (SM2005),µg/m³,697,Borgofranco - loc. Bonizzo,14.0,MN,Borgofranco sul Po,N,01/01/2007,,4990430,671752,45.046501538167355,11.18093581912755,"(45.04650153816735, 11.18093581912755)",-751.0642857142857,1
10017,Ossidi di Azoto,µg/m³,685,Calusco d' Adda,273.0,BG,Calusco d'Adda,N,30/06/2006,,5059767,537706,45.690429078545144,9.484260927647787,"(45.69042907854514, 9.484260927647789)",-77.76720248166959,1
10405,PM10 (SM2005),µg/m³,584,Bergamo - via Garibaldi,249.0,BG,Bergamo,N,19/12/2008,,5060449,551482,45.69568034432694,9.66124914606551,"(45.69568034432694, 9.66124914606551)",-240.65540540540542,1
6705,Monossido di Carbonio,mg/m³,643,Pavia - p.zza Minerva,77.0,PV,Pavia,N,03/03/2002,,5003660,511522,45.18632908049482,9.146666041286784,"(45.18632908049483, 9.146666041286784)",-2.007058492688353,1
20157,Particelle sospese PM2.5,µg/m³,642,Pavia - via Folperti,77.0,PV,Pavia,N,20/11/2013,,5004590,512932,45.19467609907785,9.164638300630086,"(45.19467609907785, 9.164638300630086)",-378.1689189189189,1
6587,Biossido di Zolfo,µg/m³,574,Lecco - Via Amendola,214.0,LC,Lecco,N,17/02/1991,,5077479,530713,45.85019119457854,9.395577066893225,"(45.850191194578535, 9.395577066893223)",-597.8123734533165,1
17290,PM10 (SM2005),µg/m³,1374,Monza Parco,181.0,MB,Monza,N,15/02/2013,,5049780,521452,45.60123219955139,9.27507265782848,"(45.60123219955139, 9.27507265782848)",-512.7567567567568,1
6929,PM10 (SM2005),µg/m³,576,Merate,279.0,LC,Merate,N,01/01/2000,,5060569,531623,45.697951989702425,9.406190938686596,"(45.69795198970243, 9.406190938686596)",36.54744525547445,1
10456,Particelle sospese PM2.5,µg/m³,1265,Lodi - S. Alberto,76.0,LO,Lodi,N,03/08/2009,,5016706,538829,45.30278350309578,9.495273696926324,"(45.302783503095775, 9.495273696926324)",26.5578231292517,1
9923,Biossido di Zolfo,µg/m³,677,Cremona - Via Fatebenefratelli,43.0,CR,Cremona,N,14/04/2006,,4999315,582066,45.14254063221695,10.043836158369393,"(45.14254063221695, 10.043836158369393)",-203.8110673049841,1
12623,Benzo(a)pirene,ng/m³,542,Meda,222.0,MB,Meda,N,18/04/2008,,5056480,512203,45.66176219189168,9.156643984551595,"(45.66176219189168, 9.156643984551597)",3.2434629629629637,1
5835,Monossido di Carbonio,mg/m³,504,Sesto S.Giovanni,139.0,MI,Sesto San Giovanni,N,29/04/1990,,5042386,518435,45.53476576509224,9.236107923411636,"(45.53476576509224, 9.236107923411636)",-1374.5491001125017,1
6919,PM10 (SM2005),µg/m³,561,Como - viale Cattaneo,202.0,CO,Como,N,04/01/2000,,5073500,505203,45.815042860112904,9.06697137484454,"(45.81504286011291, 9.06697137484454)",-660.303448275862,1
10081,Ozono,µg/m³,695,Ponti sul Mincio,113.0,MN,Ponti sul Mincio,N,06/02/2007,,5030184,631718,45.412771691686345,10.683357343786836,"(45.41277169168634, 10.683357343786835)",2.735564110156952,1
9739,PM10 (SM2005),µg/m³,608,Codogno - via Trento,59.0,LO,Codogno,N,09/04/2005,,5000892,554872,45.15937280234111,9.698148249352538,"(45.15937280234111, 9.69814824935254)",-841.4864864864865,1
10176,Particelle sospese PM2.5,µg/m³,703,Schivenoglia,,MN,Schivenoglia,N,13/12/2006,,4986922,663580,45.01687782075543,11.07609463264049,"(45.016877820755425, 11.07609463264049)",-247.70068027210885,1
6338,Ossidi di Azoto,µg/m³,545,Motta Visconti (aria),100.0,MI,Motta Visconti,N,17/03/1998,,5014273,499103,45.28195619742785,8.988562726793257,"(45.281956197427846, 8.988562726793255)",-187.47878787878832,1
5834,Monossido di Carbonio,mg/m³,548,Milano - via Senato,118.0,MI,Milano,N,01/05/1995,,5035238,515435,45.470499014097,9.197460360112533,"(45.470499014097, 9.197460360112531)",-77.82110453648914,1
10347,Particelle sospese PM2.5,µg/m³,670,Mantova - S.Agnese,22.0,MN,Mantova,N,21/12/2007,,5002356,641122,45.16056833010576,10.795564113707881,"(45.16056833010576, 10.79556411370788)",-42.05673758865248,1
10326,Biossido di Azoto,µg/m³,708,Parona,112.0,PV,Parona,N,01/10/2007,,5014300,480733,45.281935610357905,8.754334594539825,"(45.281935610357905, 8.754334594539825)",18.115209235209292,1
5790,Monossido di Carbonio,mg/m³,592,Treviglio,191.0,BG,Treviglio,N,01/12/1994,,5040815,546236,45.51933498138716,9.592009994888423,"(45.51933498138716, 9.592009994888425)",-58.585320584926635,1
9999,Biossido di Azoto,µg/m³,683,Cassano d'Adda 2 - Via Milano,133.0,MI,Cassano d'Adda,N,17/02/2006,,5041567,540293,45.52647254585104,9.515980483627095,"(45.52647254585104, 9.515980483627096)",36.524306358381644,1
9920,Ossidi di Azoto,µg/m³,665,Viadana,37.0,MN,Viadana,N,15/06/2004,,4975705,619759,44.92469404955067,10.517502067117825,"(44.92469404955067, 10.517502067117825)",51.57860367138137,1
6274,Ossidi di Azoto,µg/m³,598,S.Rocco al Porto,50.0,LO,San Rocco al Porto,N,24/01/2002,,4992297,555154,45.08198669697864,9.70078817718398,"(45.081986696978625, 9.70078817718398)",38.03763195435085,1
10097,Biossido di Azoto,µg/m³,697,Borgofranco - loc. Bonizzo,14.0,MN,Borgofranco sul Po,N,29/11/2006,,4990430,671752,45.046501538167355,11.18093581912755,"(45.04650153816735, 11.18093581912755)",-19.54102945551917,1
17297,Ozono,µg/m³,583,Bergamo - via Meucci,249.0,BG,Bergamo,N,24/01/2013,,5059922,550116,45.691037405472144,9.643650579461383,"(45.69103740547214, 9.643650579461385)",-179.5925610448607,1
10025,Ozono,µg/m³,685,Calusco d' Adda,273.0,BG,Calusco d'Adda,N,30/06/2006,,5059767,537706,45.690429078545144,9.484260927647787,"(45.69042907854514, 9.484260927647789)",-208.9790973201689,1
10273,PM10 (SM2005),µg/m³,705,Milano - Pascal Città Studi,122.0,MI,Milano,N,21/04/2007,,5036190,518405,45.47899606168744,9.235491038497502,"(45.47899606168744, 9.235491038497502)",-242.91666666666666,1
6346,Ossidi di Azoto,µg/m³,514,Rho - via Statuto,152.0,MI,Rho,N,03/10/1991,,5041100,503483,45.523425662003476,9.044599871111004,"(45.523425662003476, 9.044599871111005)",-1274.398924122313,1
6931,PM10 (SM2005),µg/m³,583,Bergamo - via Meucci,249.0,BG,Bergamo,N,03/07/2000,,5059922,550116,45.691037405472144,9.643650579461383,"(45.69103740547214, 9.643650579461385)",32.095238095238095,1
10431,Ossidi di Azoto,µg/m³,1264,Sondrio - via Paribelli,290.0,SO,Sondrio,N,11/11/2008,,5113073,567873,46.16785244066512,9.879209924469905,"(46.167852440665115, 9.879209924469903)",-318.21234006255344,1
10035,Benzene,µg/m³,672,Cornale (Voghera Energia),74.0,PV,Cornale,N,02/02/2006,,4987406,493238,45.040076572029626,8.914144599002407,"(45.04007657202963, 8.914144599002409)",-2364.329054054054,1
12531,PM10 (SM2005),µg/m³,1297,Spinadesco,48.0,CR,Spinadesco,N,16/02/2011,,5000087,573153,45.15046886985682,9.930596472272326,"(45.150468869856816, 9.930596472272326)",-167.86896551724138,1
12669,Cadmio,ng/m³,703,Schivenoglia,,MN,Schivenoglia,N,23/02/2008,,4986922,663580,45.01687782075543,11.07609463264049,"(45.016877820755425, 11.07609463264049)",0.11267999999999995,1
5676,Biossido di Zolfo,µg/m³,561,Como - viale Cattaneo,202.0,CO,Como,N,17/02/1991,,5073500,505203,45.815042860112904,9.06697137484454,"(45.81504286011291, 9.06697137484454)",-286.7115667420811,1
10491,PM10 (SM2005),µg/m³,681,Moggio,1194.0,LC,Moggio,N,31/03/2009,,5084478,538586,45.91278752030293,9.497538167653424,"(45.91278752030292, 9.497538167653424)",-55.0,1
10286,Biossido di Azoto,µg/m³,706,Lecco - Via Sora,272.0,LC,Lecco,N,27/06/2007,,5078987,531045,45.86374884127965,9.399950344681852,"(45.86374884127965, 9.399950344681852)",-119.37180716098106,1
5670,Biossido di Zolfo,µg/m³,584,Bergamo - via Garibaldi,249.0,BG,Bergamo,N,16/06/1994,,5060449,551482,45.69568034432694,9.66124914606551,"(45.69568034432694, 9.66124914606551)",-363.50631067961086,1
5958,Biossido di Azoto,µg/m³,629,Crema - via XI febbraio,79.0,CR,Crema,N,01/11/1992,,5023885,555127,45.36630907819434,9.703945513613167,"(45.366309078194334, 9.703945513613167)",-656.5888326300986,1
10290,PM10 (SM2005),µg/m³,706,Lecco - Via Sora,272.0,LC,Lecco,N,31/12/2000,,5078987,531045,45.86374884127965,9.399950344681852,"(45.86374884127965, 9.399950344681852)",19.57046979865772,1
12589,Arsenico,ng/m³,669,Brescia - Villaggio Sereno,70.0,BS,Brescia,N,01/04/2008,,5040636,593101,45.513038818653754,10.19194188877931,"(45.513038818653754, 10.19194188877931)",2.1020000000000008,1
9872,PM10 (SM2005),µg/m³,673,Voghera - via Pozzoni,90.0,PV,Voghera,N,05/07/2005,,4982900,500665,44.99954598914025,9.008437381815693,"(44.99954598914026, 9.008437381815693)",-846.6174496644295,1
10327,Biossido di Zolfo,µg/m³,708,Parona,112.0,PV,Parona,N,15/08/2007,,5014300,480733,45.281935610357905,8.754334594539825,"(45.281935610357905, 8.754334594539825)",-141.96444444444464,1
6870,Benzene,µg/m³,663,Mantova - via Ariosto,18.0,MN,Mantova,N,01/01/2003,,5000669,641770,45.145260125788965,10.80332595007927,"(45.14526012578896, 10.80332595007927)",-69.67588652482276,1
17285,Ossidi di Azoto,µg/m³,1374,Monza Parco,181.0,MB,Monza,N,01/05/2013,,5049780,521452,45.60123219955139,9.27507265782848,"(45.60123219955139, 9.27507265782848)",-2270.730456407257,1
5809,Monossido di Carbonio,mg/m³,600,Lodi - viale Vignati,80.0,LO,Lodi,N,30/12/1999,,5017060,538042,45.30601298752377,9.48526286320174,"(45.30601298752377, 9.48526286320174)",-92.14086051743543,1
5609,Biossido di Azoto,µg/m³,606,S.Giuliano Milanese,97.0,MI,San Giuliano Milanese,N,13/01/2000,,5027003,522127,45.39619462552717,9.282700075557843,"(45.39619462552717, 9.282700075557845)",-61.642942848121265,1
20042,Ammoniaca,µg/m³,703,Schivenoglia,,MN,Schivenoglia,N,24/10/2013,,4986922,663580,45.01687782075543,11.07609463264049,"(45.016877820755425, 11.07609463264049)",-4285.863636363637,1
10343,PM10 (SM2005),µg/m³,708,Parona,112.0,PV,Parona,N,28/09/2007,,5014300,480733,45.281935610357905,8.754334594539825,"(45.281935610357905, 8.754334594539825)",-996.7945205479452,1
5960,Ozono,µg/m³,629,Crema - via XI febbraio,79.0,CR,Crema,N,28/04/1996,,5023885,555127,45.36630907819434,9.703945513613167,"(45.366309078194334, 9.703945513613167)",36.12779184247534,1
12584,PM10 (SM2005),µg/m³,627,Cremona - p.zza Cadorna,39.0,CR,Cremona,N,01/01/2012,,4998110,579872,45.131946912851724,10.015741513336044,"(45.13194691285173, 10.015741513336042)",-701.6577181208054,1
12029,Particelle sospese PM2.5,µg/m³,706,Lecco - Via Sora,272.0,LC,Lecco,N,31/12/2000,,5078987,531045,45.86374884127965,9.399950344681852,"(45.86374884127965, 9.399950344681852)",-124.82638888888889,1
12016,Ossidi di Azoto,µg/m³,1297,Spinadesco,48.0,CR,Spinadesco,N,08/02/2011,,5000087,573153,45.15046886985682,9.930596472272326,"(45.150468869856816, 9.930596472272326)",24.319133370849805,1
5557,Biossido di Azoto,µg/m³,554,Saronno - via Santuario,212.0,VA,Saronno,N,28/03/1997,,5052520,503123,45.62621896083601,9.040063090678212,"(45.626218960836006, 9.04006309067821)",25.797694038245222,1
6380,Ossidi di Azoto,µg/m³,572,Morbegno - via Cortivacci,262.0,SO,Morbegno,N,13/01/1999,,5108901,543736,46.132282960003735,9.566179893984476,"(46.132282960003735, 9.566179893984474)",-121.84171622769783,1
9875,Ossidi di Azoto,µg/m³,674,Monza - via Machiavelli,162.0,MB,Monza,N,21/10/2005,,5047450,521343,45.580263484422424,9.273573092713274,"(45.58026348442243, 9.273573092713274)",-4801.483410005752,1
10001,Ossidi di Azoto,µg/m³,683,Cassano d'Adda 2 - Via Milano,133.0,MI,Cassano d'Adda,N,17/02/2006,,5041567,540293,45.52647254585104,9.515980483627095,"(45.52647254585104, 9.515980483627096)",62.63783236994211,1
17042,Ammoniaca,µg/m³,677,Cremona - Via Fatebenefratelli,43.0,CR,Cremona,N,15/02/2011,,4999315,582066,45.14254063221695,10.043836158369393,"(45.14254063221695, 10.043836158369393)",5.040939597315439,1
6955,PM10 (SM2005),µg/m³,663,Mantova - via Ariosto,18.0,MN,Mantova,N,01/01/2003,,5000669,641770,45.145260125788965,10.80332595007927,"(45.14526012578896, 10.80332595007927)",-38.10606060606061,1
5845,Monossido di Carbonio,mg/m³,569,Sondrio - via Mazzini,307.0,SO,Sondrio,N,01/11/1993,,5113078,567173,46.16796681227828,9.87014407497457,"(46.16796681227828, 9.87014407497457)",-85.66032156187205,1
10320,PM10 (SM2005),µg/m³,548,Milano - via Senato,118.0,MI,Milano,N,10/08/2007,,5035238,515435,45.470499014097,9.197460360112533,"(45.470499014097, 9.197460360112531)",40.060810810810814,1
6005,Benzene,µg/m³,627,Cremona - p.zza Cadorna,39.0,CR,Cremona,N,16/05/2002,,4998110,579872,45.131946912851724,10.015741513336044,"(45.13194691285173, 10.015741513336042)",1.2402684563758395,1
5619,Biossido di Zolfo,µg/m³,544,Cormano,153.0,MI,Cormano,N,26/10/1994,,5044180,512693,45.55104194437242,9.162613653151322,"(45.551041944372415, 9.162613653151322)",-578.0179159568428,1
9969,Biossido di Azoto,µg/m³,679,Valmadrera,247.0,LC,Valmadrera,N,15/02/2006,,5076576,527307,45.84220726102254,9.351658166127956,"(45.842207261022544, 9.351658166127958)",-20.28512747875351,1
6356,Ossidi di Azoto,µg/m³,504,Sesto S.Giovanni,139.0,MI,Sesto San Giovanni,N,18/12/1980,,5042386,518435,45.53476576509224,9.236107923411636,"(45.53476576509224, 9.236107923411636)",108.5197694038245,1
12022,Particelle sospese PM2.5,µg/m³,1297,Spinadesco,48.0,CR,Spinadesco,N,16/02/2011,,5000087,573153,45.15046886985682,9.930596472272326,"(45.150468869856816, 9.930596472272326)",-37.40689655172414,1
5545,Biossido di Azoto,µg/m³,542,Meda,222.0,MB,Meda,N,01/11/1995,,5056480,512203,45.66176219189168,9.156643984551595,"(45.66176219189168, 9.156643984551597)",-388.8496688741727,1
5814,Monossido di Carbonio,mg/m³,551,Arconate (aria),182.0,MI,Arconate,N,20/01/1999,,5043898,488082,45.54851735741946,8.847321929216262,"(45.54851735741946, 8.847321929216262)",-573.2420253164521,1
5548,Biossido di Azoto,µg/m³,545,Motta Visconti (aria),100.0,MI,Motta Visconti,N,17/03/1998,,5014273,499103,45.28195619742785,8.988562726793257,"(45.281956197427846, 8.988562726793255)",-200.2513306908265,1
9930,Ossidi di Azoto,µg/m³,677,Cremona - Via Fatebenefratelli,43.0,CR,Cremona,N,11/04/2006,,4999315,582066,45.14254063221695,10.043836158369393,"(45.14254063221695, 10.043836158369393)",65.66940845070444,1
10484,PM10 (SM2005),µg/m³,1266,Bertonico,65.0,LO,Bertonico,N,03/08/2009,,5009105,552297,45.23349364130374,9.666250375296034,"(45.23349364130374, 9.666250375296032)",33.31654676258993,1
6374,Ossidi di Azoto,µg/m³,571,Bormio,1225.0,SO,Bormio,N,01/11/1993,,5147136,605598,46.469523971325856,10.375432759159036,"(46.46952397132585, 10.375432759159036)",-207.45463651974856,1
6884,Ozono,µg/m³,665,Viadana,37.0,MN,Viadana,N,01/10/2003,,4975705,619759,44.92469404955067,10.517502067117825,"(44.92469404955067, 10.517502067117825)",-143.43121230398052,1
12667,Nikel,ng/m³,703,Schivenoglia,,MN,Schivenoglia,N,23/02/2008,,4986922,663580,45.01687782075543,11.07609463264049,"(45.016877820755425, 11.07609463264049)",2.45516,1
10452,Biossido di Azoto,µg/m³,1265,Lodi - S. Alberto,76.0,LO,Lodi,N,03/08/2009,,5016706,538829,45.30278350309578,9.495273696926324,"(45.302783503095775, 9.495273696926324)",33.16357243319259,1
10339,PM10 (SM2005),µg/m³,629,Crema - via XI febbraio,79.0,CR,Crema,N,25/09/2007,,5023885,555127,45.36630907819434,9.703945513613167,"(45.366309078194334, 9.703945513613167)",37.5503355704698,1
5603,Biossido di Azoto,µg/m³,600,Lodi - viale Vignati,80.0,LO,Lodi,N,30/12/1999,,5017060,538042,45.30601298752377,9.48526286320174,"(45.30601298752377, 9.48526286320174)",-181.8137795275588,1
10278,Ossidi di Azoto,µg/m³,705,Milano - Pascal Città Studi,122.0,MI,Milano,N,16/06/2007,,5036190,518405,45.47899606168744,9.235491038497502,"(45.47899606168744, 9.235491038497502)",-524.0490587564175,1
6817,Ossidi di Azoto,µg/m³,656,Gambara,47.0,BS,Gambara,N,01/01/1990,,5011493,601945,45.249543624746245,10.299119496064078,"(45.24954362474624, 10.299119496064078)",-30.56137071651082,1
9896,Ossidi di Azoto,µg/m³,609,Casirate d`Adda,108.0,BG,Casirate d'Adda,N,10/11/2005,,5038450,543458,45.498227133944944,9.55623226235176,"(45.49822713394494, 9.556232262351761)",-321.01198972309487,1
10173,PM10 (SM2005),µg/m³,703,Schivenoglia,,MN,Schivenoglia,N,01/01/2007,,4986922,663580,45.01687782075543,11.07609463264049,"(45.016877820755425, 11.07609463264049)",-169.91836734693877,1
9835,PM10 (SM2005),µg/m³,664,Mantova - p.zza Gramsci,18.0,MN,Mantova,N,28/12/2004,,5001351,640031,45.151743379576594,10.78140770009565,"(45.151743379576594, 10.78140770009565)",38.6241134751773,1
5665,Biossido di Zolfo,µg/m³,595,Filago - via Don Milani,190.0,BG,Filago,N,07/12/1991,,5053519,543342,45.63386450908066,9.556084255790863,"(45.63386450908066, 9.556084255790864)",-75.64340159271916,1
30166,Benzene,µg/m³,652,Brescia - via Turati,154.0,BS,Brescia,N,01/01/2016,,5043626,596168,45.539529434955995,10.231785907477224,"(45.539529434955995, 10.231785907477223)",-211.76950354609932,1
29041,Benzene,µg/m³,561,Como - viale Cattaneo,202.0,CO,Como,N,,,5073500,505203,45.815042860112904,9.06697137484454,"(45.81504286011291, 9.06697137484454)",-413.0758620689653,1
5952,Ozono,µg/m³,626,Corte de Cortesi,57.0,CR,Corte de' Cortesi con Cignone,N,17/05/1996,,5014380,578919,45.27848755478839,10.006202391204337,"(45.27848755478839, 10.006202391204335)",-47.55182564392865,1
5742,Ozono,µg/m³,572,Morbegno - via Cortivacci,262.0,SO,Morbegno,N,24/05/2003,,5108901,543736,46.132282960003735,9.566179893984476,"(46.132282960003735, 9.566179893984474)",-155.79521382044734,1
5842,Monossido di Carbonio,mg/m³,571,Bormio,1225.0,SO,Bormio,N,02/11/1993,,5147136,605598,46.469523971325856,10.375432759159036,"(46.46952397132585, 10.375432759159036)",-305.8002575107347,1
6766,Ossidi di Azoto,µg/m³,649,Brescia - Broletto,149.0,BS,Brescia,N,05/08/1992,,5043674,595467,45.54005784697138,10.222818449274216,"(45.540057846971386, 10.222818449274216)",31.374852071005883,1
9976,PM10 (SM2005),µg/m³,679,Valmadrera,247.0,LC,Valmadrera,N,11/02/2006,,5076576,527307,45.84220726102254,9.351658166127956,"(45.842207261022544, 9.351658166127958)",24.195945945945947,1
9856,Ozono,µg/m³,672,Cornale (Voghera Energia),74.0,PV,Cornale,N,29/07/2005,,4987406,493238,45.040076572029626,8.914144599002407,"(45.04007657202963, 8.914144599002409)",30.347378860867156,1
6958,PM10 (SM2005),µg/m³,569,Sondrio - via Mazzini,307.0,SO,Sondrio,N,08/12/1999,,5113078,567173,46.16796681227828,9.87014407497457,"(46.16796681227828, 9.87014407497457)",-120.1056338028169,1
17293,PM10 (SM2005),µg/m³,1264,Sondrio - via Paribelli,290.0,SO,Sondrio,N,09/10/2012,,5113073,567873,46.16785244066512,9.879209924469905,"(46.167852440665115, 9.879209924469903)",-44.18791946308725,1
20032,Ossidi di Azoto,µg/m³,693,Sannazzaro de' Burgondi - AGIP,85.0,PV,Sannazzaro de' Burgondi,N,24/10/2013,,4994371,492461,45.102766276841365,8.90417452771467,"(45.10276627684137, 8.90417452771467)",33.47550497866283,1
30165,Ozono,µg/m³,669,Brescia - Villaggio Sereno,70.0,BS,Brescia,N,13/12/2013,,5040636,593101,45.513038818653754,10.19194188877931,"(45.513038818653754, 10.19194188877931)",-819.7767223065264,1
6268,Ossidi di Azoto,µg/m³,600,Lodi - viale Vignati,80.0,LO,Lodi,N,30/12/1999,,5017060,538042,45.30601298752377,9.48526286320174,"(45.30601298752377, 9.48526286320174)",-146.9501547116723,1
12017,Biossido di Azoto,µg/m³,1297,Spinadesco,48.0,CR,Spinadesco,N,08/02/2011,,5000087,573153,45.15046886985682,9.930596472272326,"(45.150468869856816, 9.930596472272326)",11.382189082723698,1
5611,Biossido di Azoto,µg/m³,608,Codogno - via Trento,59.0,LO,Codogno,N,13/01/2000,,5000892,554872,45.15937280234111,9.698148249352538,"(45.15937280234111, 9.69814824935254)",13.739662201514257,1
6320,Ossidi di Azoto,µg/m³,539,Milano - viale Liguria,115.0,MI,Milano,N,24/10/1991,,5032273,513134,45.44385765356493,9.167944501742676,"(45.443857653564926, 9.167944501742676)",50.47719347581558,1
6936,PM10 (SM2005),µg/m³,596,Osio Sotto,182.0,BG,Osio Sotto,N,24/05/2000,,5052072,547691,45.620555679395586,9.611737821812373,"(45.62055567939559, 9.611737821812373)",30.966442953020135,1
9995,Monossido di Carbonio,mg/m³,682,Ferrera Erbognone - ENI,88.0,PV,Ferrera Erbognone,N,21/01/2006,,4995567,490094,45.11350314482957,8.874064848882607,"(45.11350314482957, 8.874064848882607)",-49.91211492890868,1
12617,Benzo(a)pirene,ng/m³,670,Mantova - S.Agnese,22.0,MN,Mantova,N,19/02/2008,,5002356,641122,45.16056833010576,10.795564113707881,"(45.16056833010576, 10.79556411370788)",0.7926000000000001,1
6908,PM10 (SM2005),µg/m³,531,Limito,114.0,MI,Pioltello,N,21/02/1998,,5036730,525583,45.48363035323249,9.327360033215145,"(45.48363035323249, 9.327360033215145)",-169.45205479452054,1
20441,Ossidi di Azoto,µg/m³,681,Moggio,1194.0,LC,Moggio,N,17/03/2007,,5084478,538586,45.91278752030293,9.497538167653424,"(45.91278752030292, 9.497538167653424)",10.154433497536948,1
5646,Biossido di Zolfo,µg/m³,517,Turbigo,141.0,MI,Turbigo,N,08/03/1982,,5041480,479423,45.52655086994246,8.736496578379215,"(45.52655086994247, 8.736496578379215)",-2173.5240719588837,1
6276,Ossidi di Azoto,µg/m³,606,S.Giuliano Milanese,97.0,MI,San Giuliano Milanese,N,13/01/2000,,5027003,522127,45.39619462552717,9.282700075557843,"(45.39619462552717, 9.282700075557845)",11.431733501736755,1
6411,Monossido di Carbonio,mg/m³,627,Cremona - p.zza Cadorna,39.0,CR,Cremona,N,12/12/1997,,4998110,579872,45.131946912851724,10.015741513336044,"(45.13194691285173, 10.015741513336042)",-238.92618980568324,1
17288,Ozono,µg/m³,1374,Monza Parco,181.0,MB,Monza,N,09/02/2013,,5049780,521452,45.60123219955139,9.27507265782848,"(45.60123219955139, 9.27507265782848)",33.96500288517019,1
5811,Monossido di Carbonio,mg/m³,598,S.Rocco al Porto,50.0,LO,San Rocco al Porto,N,25/02/2002,,4992297,555154,45.08198669697864,9.70078817718398,"(45.081986696978625, 9.70078817718398)",-25.185677603423404,1
10586,Particelle sospese PM2.5,µg/m³,677,Cremona - Via Fatebenefratelli,43.0,CR,Cremona,N,28/07/2010,,4999315,582066,45.14254063221695,10.043836158369393,"(45.14254063221695, 10.043836158369393)",-954.5140845070423,1
12588,Nikel,ng/m³,669,Brescia - Villaggio Sereno,70.0,BS,Brescia,N,01/04/2008,,5040636,593101,45.513038818653754,10.19194188877931,"(45.513038818653754, 10.19194188877931)",7.395959999999997,1
6904,Ozono,µg/m³,596,Osio Sotto,182.0,BG,Osio Sotto,N,08/09/2004,,5052072,547691,45.620555679395586,9.611737821812373,"(45.62055567939559, 9.611737821812373)",-34.18461754780647,1
6910,PM10 (SM2005),µg/m³,542,Meda,222.0,MB,Meda,N,06/02/1998,,5056480,512203,45.66176219189168,9.156643984551595,"(45.66176219189168, 9.156643984551597)",-306.5850340136054,1
9897,Biossido di Azoto,µg/m³,609,Casirate d`Adda,108.0,BG,Casirate d'Adda,N,10/11/2005,,5038450,543458,45.498227133944944,9.55623226235176,"(45.49822713394494, 9.556232262351761)",-340.3383671139022,1
20004,BlackCarbon,µg/m³,705,Milano - Pascal Città Studi,122.0,MI,Milano,N,30/09/2013,,5036190,518405,45.47899606168744,9.235491038497502,"(45.47899606168744, 9.235491038497502)",2.877083333333334,1
10085,Particelle sospese PM2.5,µg/m³,695,Ponti sul Mincio,113.0,MN,Ponti sul Mincio,N,12/01/2007,,5030184,631718,45.412771691686345,10.683357343786836,"(45.41277169168634, 10.683357343786835)",-115.37588652482269,1
6921,PM10 (SM2005),µg/m³,564,Erba - via Battisti,279.0,CO,Erba,N,13/06/2009,,5072803,517232,45.80857380692297,9.221779204488437,"(45.808573806922965, 9.221779204488435)",-43.76510067114094,1
5567,Biossido di Azoto,µg/m³,564,Erba - via Battisti,279.0,CO,Erba,N,13/06/2009,,5072803,517232,45.80857380692297,9.221779204488437,"(45.808573806922965, 9.221779204488435)",-43.71479490806223,1
6845,Ossidi di Azoto,µg/m³,659,Odolo,349.0,BS,Odolo,N,08/10/1990,,5055661,608260,45.646049633725255,10.389295302791961,"(45.64604963372525, 10.38929530279196)",26.039734513274382,1
5576,Biossido di Azoto,µg/m³,573,Colico,229.0,LC,Colico,N,05/11/1996,,5109468,529713,46.1381409051264,9.384687247651792,"(46.1381409051264, 9.384687247651794)",9.863391845979619,1
5989,Benzene,µg/m³,584,Bergamo - via Garibaldi,249.0,BG,Bergamo,N,02/08/1997,,5060449,551482,45.69568034432694,9.66124914606551,"(45.69568034432694, 9.66124914606551)",-201.8466216216216,1
5564,Biossido di Azoto,µg/m³,561,Como - viale Cattaneo,202.0,CO,Como,N,17/02/1991,,5073500,505203,45.815042860112904,9.06697137484454,"(45.81504286011291, 9.06697137484454)",-43.59129205541416,1
5607,Biossido di Azoto,µg/m³,604,Tavazzano,85.0,LO,Tavazzano con Villavesco,N,13/01/2000,,5019734,532492,45.33036100181228,9.414644726627262,"(45.33036100181227, 9.414644726627262)",-196.69654586636472,1
12665,Benzo(a)pirene,ng/m³,681,Moggio,1194.0,LC,Moggio,N,15/06/2008,,5084478,538586,45.91278752030293,9.497538167653424,"(45.91278752030292, 9.497538167653424)",0.07119230769230772,1
6959,PM10 (SM2005),µg/m³,565,Cantù - via Meucci,369.0,CO,Cantù,N,01/01/1999,,5064150,509783,45.730836722674276,9.125734327022926,"(45.73083672267427, 9.125734327022926)",-108.99328859060402,1
5520,Biossido di Azoto,µg/m³,517,Turbigo,141.0,MI,Turbigo,N,11/01/1990,,5041480,479423,45.52655086994246,8.736496578379215,"(45.52655086994247, 8.736496578379215)",-186.64098452883238,1
10501,PM10 (SM2005),µg/m³,655,Darfo (aria),221.0,BS,Darfo Boario Terme,N,23/12/2008,,5080789,591371,45.87460210989037,10.177356808981381,"(45.87460210989037, 10.17735680898138)",-200.2204724409449,1
12604,Piombo,ng/m³,655,Darfo (aria),221.0,BS,Darfo Boario Terme,N,18/04/2008,,5080789,591371,45.87460210989037,10.177356808981381,"(45.87460210989037, 10.17735680898138)",8.699304347826088,1
9804,Ossidi di Azoto,µg/m³,670,Mantova - S.Agnese,22.0,MN,Mantova,N,23/04/2006,,5002356,641122,45.16056833010576,10.795564113707881,"(45.16056833010576, 10.79556411370788)",37.60139465875369,1
9925,Ozono,µg/m³,677,Cremona - Via Fatebenefratelli,43.0,CR,Cremona,N,08/04/2006,,4999315,582066,45.14254063221695,10.043836158369393,"(45.14254063221695, 10.043836158369393)",26.873613066741775,1
5534,Biossido di Azoto,µg/m³,531,Limito,114.0,MI,Pioltello,N,23/05/1989,,5036730,525583,45.48363035323249,9.327360033215145,"(45.48363035323249, 9.327360033215145)",29.220074884792727,1
6818,Ozono,µg/m³,656,Gambara,47.0,BS,Gambara,N,15/02/1990,,5011493,601945,45.249543624746245,10.299119496064078,"(45.24954362474624, 10.299119496064078)",-466.6458541147143,1
10454,Ozono,µg/m³,1265,Lodi - S. Alberto,76.0,LO,Lodi,N,03/08/2009,,5016706,538829,45.30278350309578,9.495273696926324,"(45.302783503095775, 9.495273696926324)",-36.057130801687784,1
6218,Ossidi di Azoto,µg/m³,583,Bergamo - via Meucci,249.0,BG,Bergamo,N,01/06/1989,,5059922,550116,45.691037405472144,9.643650579461383,"(45.69103740547214, 9.643650579461385)",56.060913993755335,1
6864,Ossidi di Azoto,µg/m³,661,Rezzato,147.0,BS,Rezzato,N,05/08/1992,,5041110,604367,45.515708294844586,10.336240422996532,"(45.51570829484459, 10.336240422996532)",-644.7421257485025,1
10483,PM10 (SM2005),µg/m³,1265,Lodi - S. Alberto,76.0,LO,Lodi,N,03/08/2009,,5016706,538829,45.30278350309578,9.495273696926324,"(45.302783503095775, 9.495273696926324)",33.34013605442177,1
5568,Biossido di Azoto,µg/m³,565,Cantù - via Meucci,369.0,CO,Cantù,N,15/02/1994,,5064150,509783,45.730836722674276,9.125734327022926,"(45.73083672267427, 9.125734327022926)",7.02621659634316,1
10279,Biossido di Azoto,µg/m³,705,Milano - Pascal Città Studi,122.0,MI,Milano,N,16/06/2007,,5036190,518405,45.47899606168744,9.235491038497502,"(45.47899606168744, 9.235491038497502)",-566.392911392405,1
5693,Biossido di Zolfo,µg/m³,600,Lodi - viale Vignati,80.0,LO,Lodi,N,30/12/1999,,5017060,538042,45.30601298752377,9.48526286320174,"(45.30601298752377, 9.48526286320174)",-1008.5131046119253,1
10171,Ozono,µg/m³,703,Schivenoglia,,MN,Schivenoglia,N,29/11/2006,,4986922,663580,45.01687782075543,11.07609463264049,"(45.016877820755425, 11.07609463264049)",20.524807578448762,1
12574,Particelle sospese PM2.5,µg/m³,693,Sannazzaro de' Burgondi - AGIP,85.0,PV,Sannazzaro de' Burgondi,N,07/01/2013,,4994371,492461,45.102766276841365,8.90417452771467,"(45.10276627684137, 8.90417452771467)",-791.168918918919,1
9927,PM10 (SM2005),µg/m³,677,Cremona - Via Fatebenefratelli,43.0,CR,Cremona,N,08/04/2006,,4999315,582066,45.14254063221695,10.043836158369393,"(45.14254063221695, 10.043836158369393)",-240.66901408450704,1
6324,Ossidi di Azoto,µg/m³,531,Limito,114.0,MI,Pioltello,N,12/05/1989,,5036730,525583,45.48363035323249,9.327360033215145,"(45.48363035323249, 9.327360033215145)",80.48340486409161,1
10072,PM10 (SM2005),µg/m³,693,Sannazzaro de' Burgondi - AGIP,85.0,PV,Sannazzaro de' Burgondi,N,01/01/2007,,4994371,492461,45.102766276841365,8.90417452771467,"(45.10276627684137, 8.90417452771467)",-240.6283783783784,1
6288,Ossidi di Azoto,µg/m³,551,Arconate (aria),182.0,MI,Arconate,N,20/01/1999,,5043898,488082,45.54851735741946,8.847321929216262,"(45.54851735741946, 8.847321929216262)",-493.33321054122973,1
10039,Monossido di Carbonio,mg/m³,687,Ferno,215.0,VA,Ferno,N,06/11/2006,,5051773,481053,45.61924377994763,8.756970445453431,"(45.61924377994763, 8.756970445453431)",0.5540388404165418,1
5950,Biossido di Azoto,µg/m³,626,Corte de Cortesi,57.0,CR,Corte de' Cortesi con Cignone,N,17/05/1996,,5014380,578919,45.27848755478839,10.006202391204337,"(45.27848755478839, 10.006202391204335)",6.561417322834631,1
5574,Biossido di Azoto,µg/m³,571,Bormio,1225.0,SO,Bormio,N,01/11/1993,,5147136,605598,46.469523971325856,10.375432759159036,"(46.46952397132585, 10.375432759159036)",-213.7927896995707,1
6939,PM10 (SM2005),µg/m³,600,Lodi - viale Vignati,80.0,LO,Lodi,N,05/12/2000,,5017060,538042,45.30601298752377,9.48526286320174,"(45.30601298752377, 9.48526286320174)",-100.14093959731544,1
9857,Biossido di Azoto,µg/m³,673,Voghera - via Pozzoni,90.0,PV,Voghera,N,28/07/2005,,4982900,500665,44.99954598914025,9.008437381815693,"(44.99954598914026, 9.008437381815693)",23.99372890888637,1
9861,Ozono,µg/m³,673,Voghera - via Pozzoni,90.0,PV,Voghera,N,05/07/2005,,4982900,500665,44.99954598914025,9.008437381815693,"(44.99954598914026, 9.008437381815693)",41.82455005624307,1
12028,PM10 (SM2005),µg/m³,642,Pavia - via Folperti,77.0,PV,Pavia,N,04/02/2011,,5004590,512932,45.19467609907785,9.164638300630086,"(45.19467609907785, 9.164638300630086)",-34.08783783783784,1
6966,Biossido di Zolfo,µg/m³,669,Brescia - Villaggio Sereno,70.0,BS,Brescia,N,24/11/2004,,5040636,593101,45.513038818653754,10.19194188877931,"(45.513038818653754, 10.19194188877931)",-827.5654183026293,1
5953,Biossido di Azoto,µg/m³,627,Cremona - p.zza Cadorna,39.0,CR,Cremona,N,12/12/1997,,4998110,579872,45.131946912851724,10.015741513336044,"(45.13194691285173, 10.015741513336042)",22.11484088989017,1
10511,Monossido di Carbonio,mg/m³,1269,Dalmine - via Verdi,207.0,BG,Dalmine,N,12/02/2010,,5055304,546847,45.649702512362474,9.601223338785262,"(45.64970251236247, 9.601223338785262)",-106.85282485875707,1
17295,Ozono,µg/m³,558,Busto Arsizio - Accam,206.0,VA,Busto Arsizio,N,26/01/2013,,5047718,487687,45.582894292717725,8.842165456706075,"(45.582894292717725, 8.842165456706075)",27.39572349150557,1
6408,Ossidi di Azoto,µg/m³,626,Corte de Cortesi,57.0,CR,Corte de' Cortesi con Cignone,N,01/01/2002,,5014380,578919,45.27848755478839,10.006202391204337,"(45.27848755478839, 10.006202391204335)",24.018335208098982,1
30162,Ossidi di Azoto,µg/m³,669,Brescia - Villaggio Sereno,70.0,BS,Brescia,N,22/01/2013,,5040636,593101,45.513038818653754,10.19194188877931,"(45.513038818653754, 10.19194188877931)",-975.9464523953882,1
12629,Benzo(a)pirene,ng/m³,705,Milano - Pascal Città Studi,122.0,MI,Milano,N,02/04/2008,,5036190,518405,45.47899606168744,9.235491038497502,"(45.47899606168744, 9.235491038497502)",0.18708000000000002,1
5805,Monossido di Carbonio,mg/m³,574,Lecco - Via Amendola,214.0,LC,Lecco,N,17/02/1991,,5077479,530713,45.85019119457854,9.395577066893225,"(45.850191194578535, 9.395577066893223)",-109.20033745781618,1
10020,Biossido di Zolfo,µg/m³,685,Calusco d' Adda,273.0,BG,Calusco d'Adda,N,30/06/2006,,5059767,537706,45.690429078545144,9.484260927647787,"(45.69042907854514, 9.484260927647789)",-568.3734837799694,1
5725,Ozono,µg/m³,528,Milano - Verziere,116.0,MI,Milano,N,20/09/1988,,5034443,515270,45.46334674066655,9.195324807668856,"(45.463346740666545, 9.195324807668857)",28.962736406619385,1
5823,Monossido di Carbonio,mg/m³,539,Milano - viale Liguria,115.0,MI,Milano,N,20/10/1991,,5032273,513134,45.44385765356493,9.167944501742676,"(45.443857653564926, 9.167944501742676)",-167.84190101237488,1
9984,Particelle sospese PM2.5,µg/m³,669,Brescia - Villaggio Sereno,70.0,BS,Brescia,N,06/06/2006,,5040636,593101,45.513038818653754,10.19194188877931,"(45.513038818653754, 10.19194188877931)",-175.42465753424656,1
5812,Monossido di Carbonio,mg/m³,606,S.Giuliano Milanese,97.0,MI,San Giuliano Milanese,N,13/01/2000,,5027003,522127,45.39619462552717,9.282700075557843,"(45.39619462552717, 9.282700075557845)",-411.35301608579005,1
12593,Benzo(a)pirene,ng/m³,669,Brescia - Villaggio Sereno,70.0,BS,Brescia,N,18/04/2008,,5040636,593101,45.513038818653754,10.19194188877931,"(45.513038818653754, 10.19194188877931)",0.6410413793103471,1
6831,Ossidi di Azoto,µg/m³,657,Lonato,180.0,BS,Lonato del Garda,N,01/01/1990,,5035536,615762,45.46375313621026,10.480772043571283,"(45.463753136210265, 10.480772043571283)",-48.635926493108755,1
5599,Biossido di Azoto,µg/m³,596,Osio Sotto,182.0,BG,Osio Sotto,N,06/04/2000,,5052072,547691,45.620555679395586,9.611737821812373,"(45.62055567939559, 9.611737821812373)",12.493278965129363,1
6382,Ossidi di Azoto,µg/m³,569,Sondrio - via Mazzini,307.0,SO,Sondrio,N,01/11/1993,,5113078,567173,46.16796681227828,9.87014407497457,"(46.16796681227828, 9.87014407497457)",-218.4354783108308,1
10333,Ossidi di Azoto,µg/m³,709,Vigevano - via Valletta,109.0,PV,Vigevano,N,08/08/2007,,5016690,487833,45.303607869655714,8.844804609965438,"(45.303607869655714, 8.844804609965438)",-97.21862165963421,1
12600,Benzo(a)pirene,ng/m³,609,Casirate d`Adda,108.0,BG,Casirate d'Adda,N,24/04/2008,,5038450,543458,45.498227133944944,9.55623226235176,"(45.49822713394494, 9.556232262351761)",0.8404313725490193,1
9890,PM10 (SM2005),µg/m³,674,Monza - via Machiavelli,162.0,MB,Monza,N,18/11/2005,,5047450,521343,45.580263484422424,9.273573092713274,"(45.58026348442243, 9.273573092713274)",-33.66438356164384,1
9928,Biossido di Azoto,µg/m³,677,Cremona - Via Fatebenefratelli,43.0,CR,Cremona,N,11/04/2006,,4999315,582066,45.14254063221695,10.043836158369393,"(45.14254063221695, 10.043836158369393)",25.32337369755,1
6962,PM10 (SM2005),µg/m³,595,Filago - via Don Milani,190.0,BG,Filago,N,14/10/2004,,5053519,543342,45.63386450908066,9.556084255790863,"(45.63386450908066, 9.556084255790864)",-1523.0067567567567,1
12614,Arsenico,ng/m³,670,Mantova - S.Agnese,22.0,MN,Mantova,N,19/02/2008,,5002356,641122,45.16056833010576,10.795564113707881,"(45.16056833010576, 10.79556411370788)",1.0936250000000005,1
17037,Benzo(a)pirene,ng/m³,583,Bergamo - via Meucci,249.0,BG,Bergamo,N,14/01/2012,,5059922,550116,45.691037405472144,9.643650579461383,"(45.69103740547214, 9.643650579461385)",0.31990196078431365,1
12686,Cadmio,ng/m³,633,Soresina,70.0,CR,Soresina,N,01/04/2008,,5014860,567712,45.28397715446764,9.863398419993636,"(45.28397715446764, 9.863398419993635)",0.20288000000000003,1
10078,Ossidi di Azoto,µg/m³,695,Ponti sul Mincio,113.0,MN,Ponti sul Mincio,N,20/12/2006,,5030184,631718,45.412771691686345,10.683357343786836,"(45.41277169168634, 10.683357343786835)",3.21004756242573,1
12694,Benzo(a)pirene,ng/m³,560,Varese - via Copelli,383.0,VA,Varese,N,02/04/2008,,5073728,486035,45.81697323326368,8.820240707158211,"(45.816973233263674, 8.820240707158211)",0.34865517241379296,1
10331,Biossido di Azoto,µg/m³,709,Vigevano - via Valletta,109.0,PV,Vigevano,N,08/08/2007,,5016690,487833,45.303607869655714,8.844804609965438,"(45.303607869655714, 8.844804609965438)",-119.02950773558341,1
6862,Monossido di Carbonio,mg/m³,661,Rezzato,147.0,BS,Rezzato,N,24/11/1999,,5041110,604367,45.515708294844586,10.336240422996532,"(45.51570829484459, 10.336240422996532)",-26.58209225203449,1
5658,Biossido di Zolfo,µg/m³,552,Varese - Vidoletti,425.0,VA,Varese,N,23/12/1991,,5075945,484773,45.83690077655548,8.803926126674948,"(45.83690077655548, 8.80392612667495)",-0.8781081846502452,1
12670,Piombo,ng/m³,703,Schivenoglia,,MN,Schivenoglia,N,23/02/2008,,4986922,663580,45.01687782075543,11.07609463264049,"(45.016877820755425, 11.07609463264049)",7.4851600000000005,1
20156,Ammoniaca,µg/m³,642,Pavia - via Folperti,77.0,PV,Pavia,N,20/11/2013,,5004590,512932,45.19467609907785,9.164638300630086,"(45.19467609907785, 9.164638300630086)",-263.7510067114095,1
5507,Biossido di Azoto,µg/m³,504,Sesto S.Giovanni,139.0,MI,Sesto San Giovanni,N,18/12/1980,,5042386,518435,45.53476576509224,9.236107923411636,"(45.53476576509224, 9.236107923411636)",51.43616422947138,1
20154,Ozono,µg/m³,690,Casoni - AGIP,73.0,PV,Mezzana Bigli,N,20/11/2013,,4990697,489679,45.06965864138592,8.868889299439221,"(45.069658641385914, 8.86888929943922)",-696.6203375527433,1
6300,Ossidi di Azoto,µg/m³,544,Cormano,153.0,MI,Cormano,N,24/10/1994,,5044180,512693,45.55104194437242,9.162613653151322,"(45.551041944372415, 9.162613653151322)",111.79648283624108,1
5531,Biossido di Azoto,µg/m³,528,Milano - Verziere,116.0,MI,Milano,N,24/11/1988,,5034443,515270,45.46334674066655,9.195324807668856,"(45.463346740666545, 9.195324807668857)",20.95844907407411,1
6801,Monossido di Carbonio,mg/m³,654,Sarezzo - via Minelli,269.0,BS,Sarezzo,N,18/02/1990,,5055826,593900,45.64962671224069,10.205090218837002,"(45.64962671224069, 10.205090218837002)",-70.43045216856243,1
12687,Piombo,ng/m³,633,Soresina,70.0,CR,Soresina,N,01/04/2008,,5014860,567712,45.28397715446764,9.863398419993636,"(45.28397715446764, 9.863398419993635)",10.164440000000003,1
12020,Ozono,µg/m³,1297,Spinadesco,48.0,CR,Spinadesco,N,04/02/2011,,5000087,573153,45.15046886985682,9.930596472272326,"(45.150468869856816, 9.930596472272326)",0.9284186831738903,1
5587,Biossido di Azoto,µg/m³,584,Bergamo - via Garibaldi,249.0,BG,Bergamo,N,21/06/1994,,5060449,551482,45.69568034432694,9.66124914606551,"(45.69568034432694, 9.66124914606551)",-24.509900142653326,1
9985,Particelle sospese PM2.5,µg/m³,600,Lodi - viale Vignati,80.0,LO,Lodi,N,10/07/2006,,5017060,538042,45.30601298752377,9.48526286320174,"(45.30601298752377, 9.48526286320174)",-47.355704697986575,1
9996,Ossidi di Azoto,µg/m³,682,Ferrera Erbognone - ENI,88.0,PV,Ferrera Erbognone,N,21/01/2006,,4995567,490094,45.11350314482957,8.874064848882607,"(45.11350314482957, 8.874064848882607)",-17.5597452606635,1
9855,Ossidi di Azoto,µg/m³,672,Cornale (Voghera Energia),74.0,PV,Cornale,N,29/07/2005,,4987406,493238,45.040076572029626,8.914144599002407,"(45.04007657202963, 8.914144599002409)",-185.6279399263248,1
6877,Biossido di Azoto,µg/m³,664,Mantova - p.zza Gramsci,18.0,MN,Mantova,N,08/06/2004,,5001351,640031,45.151743379576594,10.78140770009565,"(45.151743379576594, 10.78140770009565)",-325.7058893515763,1
10285,Ossidi di Azoto,µg/m³,706,Lecco - Via Sora,272.0,LC,Lecco,N,28/06/2007,,5078987,531045,45.86374884127965,9.399950344681852,"(45.86374884127965, 9.399950344681852)",-108.50434169720887,1
10028,Particelle sospese PM2.5,µg/m³,685,Calusco d' Adda,273.0,BG,Calusco d'Adda,N,30/06/2006,,5059767,537706,45.690429078545144,9.484260927647787,"(45.69042907854514, 9.484260927647789)",-178.99328859060404,1
9802,Biossido di Azoto,µg/m³,670,Mantova - S.Agnese,22.0,MN,Mantova,N,31/12/2004,,5002356,641122,45.16056833010576,10.795564113707881,"(45.16056833010576, 10.79556411370788)",17.623847754980666,1
6798,Biossido di Azoto,µg/m³,654,Sarezzo - via Minelli,269.0,BS,Sarezzo,N,18/02/1990,,5055826,593900,45.64962671224069,10.205090218837002,"(45.64962671224069, 10.205090218837002)",-48.73025954198476,1
6947,PM10 (SM2005),µg/m³,643,Pavia - p.zza Minerva,77.0,PV,Pavia,N,06/06/2002,,5003660,511522,45.18632908049482,9.146666041286784,"(45.18632908049483, 9.146666041286784)",41.84563758389262,1
12601,Nikel,ng/m³,655,Darfo (aria),221.0,BS,Darfo Boario Terme,N,18/04/2008,,5080789,591371,45.87460210989037,10.177356808981381,"(45.87460210989037, 10.17735680898138)",4.792869565217389,1
5965,Biossido di Azoto,µg/m³,633,Soresina,70.0,CR,Soresina,N,16/10/1999,,5014860,567712,45.28397715446764,9.863398419993636,"(45.28397715446764, 9.863398419993635)",23.70810354530104,1
5631,Biossido di Zolfo,µg/m³,546,Magenta,137.0,MI,Magenta,N,22/04/1995,,5034328,490635,45.462415791106615,8.88021043312557,"(45.462415791106615, 8.880210433125571)",-300.44020767233883,1
5572,Biossido di Azoto,µg/m³,569,Sondrio - via Mazzini,307.0,SO,Sondrio,N,01/11/1993,,5113078,567173,46.16796681227828,9.87014407497457,"(46.16796681227828, 9.87014407497457)",-238.18693654895173,1
12577,Particelle sospese PM2.5,µg/m³,627,Cremona - p.zza Cadorna,39.0,CR,Cremona,N,01/01/2012,,4998110,579872,45.131946912851724,10.015741513336044,"(45.13194691285173, 10.015741513336042)",-41.12751677852349,1
