"","Date","IDStation","NOx"
"1",2019-01-01,607,82.1
"2",2019-02-01,607,59.8505
"3",2019-03-01,607,36.8043010752688
"4",2019-04-01,607,18.0330555555556
"5",2019-05-01,607,14.2114247311828
"6",2019-06-01,607,25.0077885952712
"7",2019-07-01,607,23.9095430107527
"8",2019-08-01,607,15.852067381317
"9",2019-09-01,607,23.5064066852368
"10",2019-10-01,607,25.1256720430108
"11",2019-11-01,607,35.0221698113208
"12",2019-12-01,607,64.7754213483146
"13",2020-01-01,607,82.3112010796221
"14",2020-02-01,607,47.5632183908046
"15",2020-03-01,607,23.0146505376344
"16",2020-04-01,607,23.3543055555556
"17",2020-05-01,607,22.2807795698925
"18",2020-06-01,607,22.9766381766382
"19",2020-07-01,607,18.333527696793
"20",2020-08-01,607,20.5932614555256
"21",2020-09-01,607,35.5559440559441
"22",2020-10-01,607,47.5402159244264
"23",2020-11-01,607,49.4218055555556
"24",2020-12-01,607,54.776357827476
"25",2019-01-01,551,82.1143817204301
"26",2019-02-01,551,83.9776785714286
"27",2019-03-01,551,49.1950570342205
"28",2019-04-01,551,28.4411682892907
"29",2019-05-01,551,22.2235215053763
"30",2019-06-01,551,26.4705146036161
"31",2019-07-01,551,23.9200268817204
"32",2019-08-01,551,17.3863636363636
"33",2019-09-01,551,26.0354166666667
"34",2019-10-01,551,33.4122772277228
"35",2019-11-01,551,48.1346478873239
"36",2019-12-01,551,70.7344086021505
"37",2020-01-01,551,109.463844086022
"38",2020-02-01,551,53.0315107913669
"39",2020-03-01,551,21.5906911142454
"40",2020-04-01,551,14.2545961002786
"41",2020-05-01,551,13.613698630137
"42",2020-06-01,551,13.8142657342657
"43",2020-07-01,551,15.083114992722
"44",2020-08-01,551,14.7213896457766
"45",2020-09-01,551,21.5076388888889
"46",2020-10-01,551,31.8712365591398
"47",2020-11-01,551,62.8785602503912
"48",2020-12-01,551,79.8978601997147
"49",2019-01-01,584,98.6394922425952
"50",2019-02-01,584,109.921428571429
"51",2019-03-01,584,62.4341397849462
"52",2019-04-01,584,46.8525
"53",2019-05-01,584,43.4011363636364
"54",2019-06-01,584,38.2436111111111
"55",2019-07-01,584,34.7005813953488
"56",2019-08-01,584,24.7360768175583
"57",2019-09-01,584,44.7121001390821
"58",2019-10-01,584,60.3244952893674
"59",2019-11-01,584,80.6554937413074
"60",2019-12-01,584,108.556048387097
"61",2020-01-01,584,136.604435483871
"62",2020-02-01,584,79.214224137931
"63",2020-03-01,584,32.9245098039216
"64",2020-04-01,584,19.9198887343533
"65",2020-05-01,584,22.733704735376
"66",2020-06-01,584,25.7859550561798
"67",2020-07-01,584,25.5520861372813
"68",2020-08-01,584,17.2522849462366
"69",2020-09-01,584,30.0341666666667
"70",2020-10-01,584,48.8568548387097
"71",2020-11-01,584,85.4050632911392
"72",2020-12-01,584,142.948452220727
"73",2019-01-01,583,105.320592193809
"74",2019-02-01,583,107.786011904762
"75",2019-03-01,583,43.0400537634409
"76",2019-04-01,583,26.8526239067055
"77",2019-05-01,583,24.0083333333333
"78",2019-06-01,583,18.1199442119944
"79",2019-07-01,583,18.0071524966262
"80",2019-08-01,583,11.948976109215
"81",2019-09-01,583,20.65125
"82",2019-10-01,583,31.3417227456258
"83",2019-11-01,583,48.4948467966574
"84",2019-12-01,583,75.0748317631225
"85",2020-01-01,583,111.689098250336
"86",2020-02-01,583,52.6596264367816
"87",2020-03-01,583,22.2761455525606
"88",2020-04-01,583,15.1384722222222
"89",2020-05-01,583,15.721181556196
"90",2020-06-01,583,16.260303030303
"91",2020-07-01,583,13.4004195804196
"92",2020-08-01,583,16.2227752639517
"93",2020-09-01,583,17.9679566563468
"94",2020-10-01,583,46.5755520504732
"95",2020-11-01,583,74.9155988857939
"96",2020-12-01,583,101.857200538358
"97",2019-01-01,1266,84.9921832884097
"98",2019-02-01,1266,71.146875
"99",2019-03-01,1266,44.3664872139973
"100",2019-04-01,1266,21.4976388888889
"101",2019-05-01,1266,15.859811827957
"102",2019-06-01,1266,22.5338257016248
"103",2019-07-01,1266,24.1523415977961
"104",2019-08-01,1266,21.0065948855989
"105",2019-09-01,1266,26.5297222222222
"106",2019-10-01,1266,31.2120107962213
"107",2019-11-01,1266,38.3872222222222
"108",2019-12-01,1266,67.2376175548589
"109",2020-01-01,1266,82.0868102288022
"110",2020-02-01,1266,49.0876258992806
"111",2020-03-01,1266,24.6383064516129
"112",2020-04-01,1266,25.1532033426184
"113",2020-05-01,1266,22.0403768506057
"114",2020-06-01,1266,21.5296244784423
"115",2020-07-01,1266,17.9012096774194
"116",2020-08-01,1266,17.4873435326843
"117",2020-09-01,1266,24.897635605007
"118",2020-10-01,1266,35.4149394347241
"119",2020-11-01,1266,69.8752777777778
"120",2020-12-01,1266,56.5475035663338
"121",2019-01-01,697,50.1841677943166
"122",2019-02-01,697,33.3483582089552
"123",2019-03-01,697,16.9585464333782
"124",2019-04-01,697,12.1359943977591
"125",2019-05-01,697,8.5160777385159
"126",2019-06-01,697,12.286013986014
"127",2019-07-01,697,13.6107954545455
"128",2019-08-01,697,10.2834834834835
"129",2019-09-01,697,12.293837535014
"130",2019-10-01,697,20.4962427745665
"131",2019-11-01,697,31.5939130434783
"132",2019-12-01,697,40.8836633663366
"133",2020-01-01,697,54.4587044534413
"134",2020-02-01,697,28.2697865353038
"135",2020-03-01,697,11.5264827586207
"136",2020-04-01,697,9.14637268847795
"137",2020-05-01,697,12.3374816983895
"138",2020-06-01,697,12.9676380368098
"139",2020-07-01,697,9.61719242902208
"140",2020-08-01,697,9.04627507163324
"141",2020-09-01,697,14.3475262368816
"142",2020-10-01,697,21.8589743589744
"143",2020-11-01,697,32.8807262569832
"144",2020-12-01,697,43.2100278551532
"145",2019-01-01,571,23.3017520215633
"146",2019-02-01,571,31.3771812080537
"147",2019-03-01,571,14.9077598828697
"148",2019-04-01,571,16.6087743732591
"149",2019-05-01,571,10.1131720430108
"150",2019-06-01,571,9.96750348675035
"151",2019-07-01,571,11.2116935483871
"152",2019-08-01,571,11.640188172043
"153",2019-09-01,571,12.775348189415
"154",2019-10-01,571,21.5408906882591
"155",2019-11-01,571,40.6027855153203
"156",2019-12-01,571,44.4956989247312
"157",2020-01-01,571,36.3985590778098
"158",2020-02-01,571,25.8045977011494
"159",2020-03-01,571,15.4705248990579
"160",2020-04-01,571,8.64589707927677
"161",2020-05-01,571,8.17658142664872
"162",2020-06-01,571,9.81237410071942
"163",2020-07-01,571,9.83719676549865
"164",2020-08-01,571,13.1297043010753
"165",2020-09-01,571,13.7506258692629
"166",2020-10-01,571,18.4638440860215
"167",2020-11-01,571,26.8353268428373
"168",2020-12-01,571,52.1703903095559
"169",2019-01-01,649,99.7724757952974
"170",2019-02-01,649,97.5034954407295
"171",2019-03-01,649,56.6737550471063
"172",2019-04-01,649,37.9984700973574
"173",2019-05-01,649,39.6698145025295
"174",2019-06-01,649,41.5724508050089
"175",2019-07-01,649,37.6477794793262
"176",2019-08-01,649,27.2821727019499
"177",2019-09-01,649,37.5638235294118
"178",2019-10-01,649,46.1856946354883
"179",2019-11-01,649,59.7886981402003
"180",2019-12-01,649,102.641056910569
"181",2020-01-01,649,150.950740242261
"182",2020-02-01,649,84.2237410071942
"183",2020-03-01,649,34.1157258064516
"184",2020-04-01,649,15.5541374474053
"185",2020-05-01,649,24.7041666666667
"186",2020-06-01,649,29.3859527121001
"187",2020-07-01,649,27.6557666214383
"188",2020-08-01,649,22.2027397260274
"189",2020-09-01,649,30.1048678720445
"190",2020-10-01,649,44.8666149068323
"191",2020-11-01,649,59.6236439499305
"192",2020-12-01,649,82.6645441389291
"193",2019-01-01,652,242.850134408602
"194",2019-02-01,652,219.915797317437
"195",2019-03-01,652,141.030820995962
"196",2019-04-01,652,138.58495821727
"197",2019-05-01,652,146.22987012987
"198",2019-06-01,652,93.8390151515152
"199",2019-07-01,652,81.4983695652174
"200",2019-08-01,652,67.6245614035088
"201",2019-09-01,652,98.0180806675939
"202",2019-10-01,652,117.912920592194
"203",2019-11-01,652,140.013098591549
"204",2019-12-01,652,208.170524899058
"205",2020-01-01,652,254.678091397849
"206",2020-02-01,652,161.793525179856
"207",2020-03-01,652,63.5020188425303
"208",2020-04-01,652,34.7407510431154
"209",2020-05-01,652,53.9351278600269
"210",2020-06-01,652,74.158774373259
"211",2020-07-01,652,66.9244925575101
"212",2020-08-01,652,64.7625841184388
"213",2020-09-01,652,89.450139275766
"214",2020-10-01,652,112.528610354223
"215",2020-11-01,652,128.685833333333
"216",2020-12-01,652,155.890982503365
"217",2019-01-01,669,99.9152037617555
"218",2019-02-01,669,123.788160291439
"219",2019-03-01,669,59.0123161764706
"220",2019-04-01,669,31.7674285714286
"221",2019-05-01,669,28.3565656565657
"222",2019-06-01,669,23.9003898635478
"223",2019-07-01,669,21.2184615384615
"224",2019-08-01,669,16.6863924050633
"225",2019-09-01,669,33.2976851851852
"226",2019-10-01,669,36.1159253945481
"227",2019-11-01,669,66.7840062111801
"228",2019-12-01,669,110.820391061453
"229",2020-01-01,669,172.34126344086
"230",2020-02-01,669,78.7125
"231",2020-03-01,669,30.4985175202156
"232",2020-04-01,669,15.1263492063492
"233",2020-05-01,669,13.5088989441931
"234",2020-06-01,669,17.8367003367003
"235",2020-07-01,669,15.9195592286501
"236",2020-08-01,669,17.0116535433071
"237",2020-09-01,669,27.0485632183908
"238",2020-10-01,669,50.3384393063584
"239",2020-11-01,669,85.8098360655738
"240",2020-12-01,669,111.72115942029
"241",2019-01-01,558,133.016285329744
"242",2019-02-01,558,123.216244411326
"243",2019-03-01,558,62.4458333333333
"244",2019-04-01,558,35.8125173852573
"245",2019-05-01,558,26.5584118438762
"246",2019-06-01,558,23.8880389429764
"247",2019-07-01,558,24.0658602150538
"248",2019-08-01,558,17.0875901875902
"249",2019-09-01,558,41.9676388888889
"250",2019-10-01,558,49.8284366576819
"251",2019-11-01,558,64.0845714285714
"252",2019-12-01,558,97.7104838709677
"253",2020-01-01,558,153.470161290323
"254",2020-02-01,558,77.6178417266187
"255",2020-03-01,558,29.7479138627187
"256",2020-04-01,558,19.7765277777778
"257",2020-05-01,558,17.764468371467
"258",2020-06-01,558,18.1944444444444
"259",2020-07-01,558,24.5137096774194
"260",2020-08-01,558,20.1893817204301
"261",2020-09-01,558,34.0740277777778
"262",2020-10-01,558,49.6606182795699
"263",2020-11-01,558,87.1344238975818
"264",2020-12-01,558,96.2893055555556
"265",2019-01-01,685,70.2818309859155
"266",2019-02-01,685,61.0692995529061
"267",2019-03-01,685,25.5621584699454
"268",2019-04-01,685,17.0018156424581
"269",2019-05-01,685,18.389247311828
"270",2019-06-01,685,15.3681502086231
"271",2019-07-01,685,14.6391129032258
"272",2019-08-01,685,10.6721220527046
"273",2019-09-01,685,21.2633333333333
"274",2019-10-01,685,27.27004048583
"275",2019-11-01,685,41.8844827586207
"276",2019-12-01,685,62.8364247311828
"277",2020-01-01,685,89.426747311828
"278",2020-02-01,685,42.9995689655172
"279",2020-03-01,685,20.4637954239569
"280",2020-04-01,685,10.2502092050209
"281",2020-05-01,685,10.8116059379217
"282",2020-06-01,685,16.1773885350318
"283",2020-07-01,685,17.1092741935484
"284",2020-08-01,685,14.4783602150538
"285",2020-09-01,685,22.8763888888889
"286",2020-10-01,685,32.1091032608696
"287",2020-11-01,685,56.3433717579251
"288",2020-12-01,685,65.9240540540541
"289",2019-01-01,565,85.1290713324361
"290",2019-02-01,565,101.762368815592
"291",2019-03-01,565,47.7533783783784
"292",2019-04-01,565,29.0502777777778
"293",2019-05-01,565,18.9273216689098
"294",2019-06-01,565,18.4375521557719
"295",2019-07-01,565,18.1099596231494
"296",2019-08-01,565,13.3038978494624
"297",2019-09-01,565,24.0026425591099
"298",2019-10-01,565,37.705376344086
"299",2019-11-01,565,55.259938366718
"300",2019-12-01,565,78.743935309973
"301",2020-01-01,565,124.186155913978
"302",2020-02-01,565,59.4723618090452
"303",2020-03-01,565,27.5269601100413
"304",2020-04-01,565,13.8213986013986
"305",2020-05-01,565,15.149131121643
"306",2020-06-01,565,15.4701133144476
"307",2020-07-01,565,16.3372812920592
"308",2020-08-01,565,10.9877688172043
"309",2020-09-01,565,22.2646239554318
"310",2020-10-01,565,39.6741588156124
"311",2020-11-01,565,78.6504166666667
"312",2020-12-01,565,88.3420698924731
"313",2019-01-01,609,79.6815860215054
"314",2019-02-01,609,88.5567901234568
"315",2019-03-01,609,44.3083333333333
"316",2019-04-01,609,38.2711111111111
"317",2019-05-01,609,32.2205831903945
"318",2019-06-01,609,14.7012517385257
"319",2019-07-01,609,12.6962648556876
"320",2019-08-01,609,17.6711772665765
"321",2019-09-01,609,20.0993197278912
"322",2019-10-01,609,24.6752688172043
"323",2019-11-01,609,41.4401114206128
"324",2019-12-01,609,75.2192462987887
"325",2020-01-01,609,125.284397163121
"326",2020-02-01,609,61.57903930131
"327",2020-03-01,609,27.3663526244953
"328",2020-04-01,609,15.75125
"329",2020-05-01,609,13.927736131934
"330",2020-06-01,609,12.0624478442281
"331",2020-07-01,609,13.3569892473118
"332",2020-08-01,609,12.2148688046647
"333",2020-09-01,609,19.8201219512195
"334",2020-10-01,609,29.0667125171939
"335",2020-11-01,609,47.2702346041056
"336",2020-12-01,609,76.8462987886945
"337",2019-01-01,690,NA
"338",2019-02-01,690,NA
"339",2019-03-01,690,NA
"340",2019-04-01,690,NA
"341",2019-05-01,690,NA
"342",2019-06-01,690,NA
"343",2019-07-01,690,NA
"344",2019-08-01,690,NA
"345",2019-09-01,690,NA
"346",2019-10-01,690,NA
"347",2019-11-01,690,NA
"348",2019-12-01,690,NA
"349",2020-01-01,690,NA
"350",2020-02-01,690,NA
"351",2020-03-01,690,NA
"352",2020-04-01,690,NA
"353",2020-05-01,690,NA
"354",2020-06-01,690,NA
"355",2020-07-01,690,NA
"356",2020-08-01,690,NA
"357",2020-09-01,690,NA
"358",2020-10-01,690,NA
"359",2020-11-01,690,NA
"360",2020-12-01,690,NA
"361",2019-01-01,683,92.892876344086
"362",2019-02-01,683,96.2976851851852
"363",2019-03-01,683,52.1715517241379
"364",2019-04-01,683,35.6016666666667
"365",2019-05-01,683,35.8570833333333
"366",2019-06-01,683,36.0245833333333
"367",2019-07-01,683,34.0331989247312
"368",2019-08-01,683,26.6138257575758
"369",2019-09-01,683,37.5473765432099
"370",2019-10-01,683,46.009811827957
"371",2019-11-01,683,66.8111285266458
"372",2019-12-01,683,96.3623655913978
"373",2020-01-01,683,138.701211305518
"374",2020-02-01,683,69.0630747126437
"375",2020-03-01,683,33.2465181058496
"376",2020-04-01,683,28.3611111111111
"377",2020-05-01,683,33.7670698924731
"378",2020-06-01,683,32.882252559727
"379",2020-07-01,683,31.8633916554509
"380",2020-08-01,683,29.4495967741935
"381",2020-09-01,683,34.6963181148748
"382",2020-10-01,683,51.3079934747145
"383",2020-11-01,683,62.878
"384",2020-12-01,683,86.1479166666667
"385",2019-01-01,529,NA
"386",2019-02-01,529,NA
"387",2019-03-01,529,NA
"388",2019-04-01,529,NA
"389",2019-05-01,529,NA
"390",2019-06-01,529,NA
"391",2019-07-01,529,NA
"392",2019-08-01,529,NA
"393",2019-09-01,529,NA
"394",2019-10-01,529,NA
"395",2019-11-01,529,NA
"396",2019-12-01,529,NA
"397",2020-01-01,529,NA
"398",2020-02-01,529,NA
"399",2020-03-01,529,NA
"400",2020-04-01,529,NA
"401",2020-05-01,529,NA
"402",2020-06-01,529,NA
"403",2020-07-01,529,NA
"404",2020-08-01,529,NA
"405",2020-09-01,529,NA
"406",2020-10-01,529,NA
"407",2020-11-01,529,NA
"408",2020-12-01,529,NA
"409",2019-01-01,608,120.026056338028
"410",2019-02-01,608,96.3208588957055
"411",2019-03-01,608,58.8858921161826
"412",2019-04-01,608,38.566015037594
"413",2019-05-01,608,27.8956931359354
"414",2019-06-01,608,29.3863896848138
"415",2019-07-01,608,34.2397849462366
"416",2019-08-01,608,30.3180107526882
"417",2019-09-01,608,43.6803621169916
"418",2019-10-01,608,55.2936827956989
"419",2019-11-01,608,65.8101744186046
"420",2019-12-01,608,98.1915322580645
"421",2020-01-01,608,112.990053763441
"422",2020-02-01,608,68.8325179856115
"423",2020-03-01,608,31.0883064516129
"424",2020-04-01,608,24.8246790299572
"425",2020-05-01,608,23.5565860215054
"426",2020-06-01,608,28.6892608089261
"427",2020-07-01,608,29.4577956989247
"428",2020-08-01,608,26.4063772048847
"429",2020-09-01,608,41.9127955493741
"430",2020-10-01,608,57.5324360699865
"431",2020-11-01,608,81.8790277777778
"432",2020-12-01,608,74.2601123595506
"433",2019-01-01,573,52.0159946236559
"434",2019-02-01,573,61.5640432098765
"435",2019-03-01,573,28.307123655914
"436",2019-04-01,573,23.7518881118881
"437",2019-05-01,573,18.2116935483871
"438",2019-06-01,573,18.6730593607306
"439",2019-07-01,573,18.1264507422402
"440",2019-08-01,573,13.6329268292683
"441",2019-09-01,573,22.3511591962906
"442",2019-10-01,573,35.6043041606887
"443",2019-11-01,573,50.6632823365786
"444",2019-12-01,573,82.3997286295794
"445",2020-01-01,573,77.9724462365591
"446",2020-02-01,573,43.8739942528736
"447",2020-03-01,573,24.2596231493943
"448",2020-04-01,573,20.3808333333333
"449",2020-05-01,573,12.7289757412399
"450",2020-06-01,573,12.3826388888889
"451",2020-07-01,573,12.8818713450292
"452",2020-08-01,573,12.6785294117647
"453",2020-09-01,573,22.8329593267882
"454",2020-10-01,573,32.7163978494624
"455",2020-11-01,573,62.5452777777778
"456",2020-12-01,573,63.0346774193548
"457",2019-01-01,561,155.520816326531
"458",2019-02-01,561,157.573958333333
"459",2019-03-01,561,82.2378640776699
"460",2019-04-01,561,58.3079831932773
"461",2019-05-01,561,50.1271370420624
"462",2019-06-01,561,42.6007112375533
"463",2019-07-01,561,38.0735682819383
"464",2019-08-01,561,39.7684139784946
"465",2019-09-01,561,58.4509272467903
"466",2019-10-01,561,70.326874115983
"467",2019-11-01,561,92.9738888888889
"468",2019-12-01,561,147.867294751009
"469",2020-01-01,561,222.590591397849
"470",2020-02-01,561,102.219392185239
"471",2020-03-01,561,34.9397849462366
"472",2020-04-01,561,17.2445062586926
"473",2020-05-01,561,21.1983761840325
"474",2020-06-01,561,31.1609179415855
"475",2020-07-01,561,30.5657258064516
"476",2020-08-01,561,28.8535310734463
"477",2020-09-01,561,50.523504867872
"478",2020-10-01,561,77.4172560113154
"479",2020-11-01,561,111.98340306834
"480",2020-12-01,561,104.6302578019
"481",2019-01-01,544,199.704194857916
"482",2019-02-01,544,243.387611940299
"483",2019-03-01,544,98.6014784946236
"484",2019-04-01,544,52.7602777777778
"485",2019-05-01,544,37.0051075268817
"486",2019-06-01,544,33.2260431654676
"487",2019-07-01,544,32.295951417004
"488",2019-08-01,544,26.6893738140417
"489",2019-09-01,544,49.3471726190476
"490",2019-10-01,544,68.0595430107527
"491",2019-11-01,544,95.2125523012552
"492",2019-12-01,544,152.09126344086
"493",2020-01-01,544,235.981830417227
"494",2020-02-01,544,130.091798561151
"495",2020-03-01,544,59.2556368960469
"496",2020-04-01,544,30.3601671309192
"497",2020-05-01,544,21.3217741935484
"498",2020-06-01,544,24.0644846796657
"499",2020-07-01,544,27.7819029850746
"500",2020-08-01,544,24.3352150537634
"501",2020-09-01,544,42.1025
"502",2020-10-01,544,87.7912162162162
"503",2020-11-01,544,146.523275862069
"504",2020-12-01,544,154.872777777778
"505",2019-01-01,672,66.2008571428571
"506",2019-02-01,672,55.4129657228018
"507",2019-03-01,672,19.7796495956873
"508",2019-04-01,672,14.8678720445063
"509",2019-05-01,672,9.73576864535769
"510",2019-06-01,672,13.5380348652932
"511",2019-07-01,672,17.7363770250368
"512",2019-08-01,672,12.3519313304721
"513",2019-09-01,672,12.5234604105572
"514",2019-10-01,672,23.421265141319
"515",2019-11-01,672,29.4769565217391
"516",2019-12-01,672,42.0305518169583
"517",2020-01-01,672,61.7724822695035
"518",2020-02-01,672,31.8044604316547
"519",2020-03-01,672,14.8538978494624
"520",2020-04-01,672,11.821482602118
"521",2020-05-01,672,8.8372311827957
"522",2020-06-01,672,9.47858136300417
"523",2020-07-01,672,10.4016129032258
"524",2020-08-01,672,9.02128637059724
"525",2020-09-01,672,15.330701754386
"526",2020-10-01,672,19.0025572005384
"527",2020-11-01,672,36.4655027932961
"528",2020-12-01,672,48.164199192463
"529",2019-01-01,626,65.6606182795699
"530",2019-02-01,626,58.0538805970149
"531",2019-03-01,626,42.4432032301481
"532",2019-04-01,626,15.4225312934631
"533",2019-05-01,626,7.32301480484522
"534",2019-06-01,626,23.7991537376587
"535",2019-07-01,626,29.6495276653171
"536",2019-08-01,626,25.9008119079838
"537",2019-09-01,626,24.69375
"538",2019-10-01,626,31.4222833562586
"539",2019-11-01,626,36.0883333333333
"540",2019-12-01,626,76.1059139784946
"541",2020-01-01,626,83.0860366713681
"542",2020-02-01,626,48.4449712643678
"543",2020-03-01,626,27.6733870967742
"544",2020-04-01,626,26.6454798331015
"545",2020-05-01,626,29.2262096774194
"546",2020-06-01,626,33.2223611111111
"547",2020-07-01,626,24.3648459383753
"548",2020-08-01,626,26.42125
"549",2020-09-01,626,31.4851182197497
"550",2020-10-01,626,33.4462264150943
"551",2020-11-01,626,52.5091666666667
"552",2020-12-01,626,43.9018995929444
"553",2019-01-01,629,109.473806078148
"554",2019-02-01,629,102.962686567164
"555",2019-03-01,629,59.9578734858681
"556",2019-04-01,629,37.4190807799443
"557",2019-05-01,629,39.5967567567568
"558",2019-06-01,629,33.2616457461646
"559",2019-07-01,629,31.1386956521739
"560",2019-08-01,629,19.0711021505376
"561",2019-09-01,629,27.7268802228412
"562",2019-10-01,629,44.5890982503365
"563",2019-11-01,629,56.7068055555556
"564",2019-12-01,629,97.3533602150538
"565",2020-01-01,629,129.003903095559
"566",2020-02-01,629,75.9313669064748
"567",2020-03-01,629,38.6891129032258
"568",2020-04-01,629,26.7719665271967
"569",2020-05-01,629,19.7301075268817
"570",2020-06-01,629,18.2072222222222
"571",2020-07-01,629,18.1859649122807
"572",2020-08-01,629,15.506993006993
"573",2020-09-01,629,26.9798611111111
"574",2020-10-01,629,47.4508086253369
"575",2020-11-01,629,76.6681058495822
"576",2020-12-01,629,79.8556485355649
"577",2019-01-01,627,116.550537634409
"578",2019-02-01,627,95.9521609538003
"579",2019-03-01,627,53.8709677419355
"580",2019-04-01,627,29.8414325842697
"581",2019-05-01,627,23.5868279569892
"582",2019-06-01,627,27.3784422809458
"583",2019-07-01,627,24.1436657681941
"584",2019-08-01,627,22.5936742934051
"585",2019-09-01,627,30.9644444444444
"586",2019-10-01,627,44.0509408602151
"587",2019-11-01,627,56.2574408901252
"588",2019-12-01,627,92.3208333333333
"589",2020-01-01,627,110.916935483871
"590",2020-02-01,627,65.4116040955631
"591",2020-03-01,627,21.8380855397149
"592",2020-04-01,627,18.0791376912378
"593",2020-05-01,627,14.3542222222222
"594",2020-06-01,627,20.5106474820144
"595",2020-07-01,627,20.1626344086022
"596",2020-08-01,627,18.7555555555556
"597",2020-09-01,627,27.3198611111111
"598",2020-10-01,627,44.1229419703104
"599",2020-11-01,627,70.9337517433752
"600",2020-12-01,627,73.6962264150943
"601",2019-01-01,677,142.692732166891
"602",2019-02-01,677,117.663582089552
"603",2019-03-01,677,75.5663526244953
"604",2019-04-01,677,35.4902097902098
"605",2019-05-01,677,25.3239892183288
"606",2019-06-01,677,30.9619444444444
"607",2019-07-01,677,29.1410256410256
"608",2019-08-01,677,26.4150214592275
"609",2019-09-01,677,40.4758333333333
"610",2019-10-01,677,54.4134589502019
"611",2019-11-01,677,60.3914804469274
"612",2019-12-01,677,112.619489247312
"613",2020-01-01,677,136.627419354839
"614",2020-02-01,677,82.5375539568345
"615",2020-03-01,677,38.6688172043011
"616",2020-04-01,677,28.3798561151079
"617",2020-05-01,677,21.6670255720054
"618",2020-06-01,677,24.5833333333333
"619",2020-07-01,677,25.014401076716
"620",2020-08-01,677,23.0666666666667
"621",2020-09-01,677,37.9717663421419
"622",2020-10-01,677,47.7247295208655
"623",2020-11-01,677,NA
"624",2020-12-01,677,81.6393103448276
"625",2019-01-01,1269,85.6200538358008
"626",2019-02-01,1269,100.194047619048
"627",2019-03-01,1269,42.2486486486486
"628",2019-04-01,1269,19.5808720112518
"629",2019-05-01,1269,13.6517397881997
"630",2019-06-01,1269,23.6209821428571
"631",2019-07-01,1269,21.8314482758621
"632",2019-08-01,1269,17.1807795698925
"633",2019-09-01,1269,27.8430555555556
"634",2019-10-01,1269,40.8638472032742
"635",2019-11-01,1269,65.2451388888889
"636",2019-12-01,1269,104.93185483871
"637",2020-01-01,1269,143.88561827957
"638",2020-02-01,1269,66.2449712643678
"639",2020-03-01,1269,29.9407806191117
"640",2020-04-01,1269,15.6497913769124
"641",2020-05-01,1269,17.1304225352113
"642",2020-06-01,1269,17.0620926243568
"643",2020-07-01,1269,18.8573018080668
"644",2020-08-01,1269,15.5878014184397
"645",2020-09-01,1269,24.0093314763231
"646",2020-10-01,1269,47.3086021505376
"647",2020-11-01,1269,83.2495104895105
"648",2020-12-01,1269,115.127590847914
"649",2019-01-01,655,90.699865410498
"650",2019-02-01,655,83.2714285714286
"651",2019-03-01,655,42.5164199192463
"652",2019-04-01,655,31.2160583941606
"653",2019-05-01,655,24.9259414225941
"654",2019-06-01,655,14.9973799126638
"655",2019-07-01,655,14.7443313953488
"656",2019-08-01,655,12.93632
"657",2019-09-01,655,21.968949044586
"658",2019-10-01,655,35.0919444444444
"659",2019-11-01,655,56.4908205841446
"660",2019-12-01,655,89.9738227146814
"661",2020-01-01,655,97.9149193548387
"662",2020-02-01,655,70.5337559429477
"663",2020-03-01,655,26.7036585365854
"664",2020-04-01,655,14.9445062586926
"665",2020-05-01,655,15.0546433378197
"666",2020-06-01,655,13.8519056261343
"667",2020-07-01,655,16.5391304347826
"668",2020-08-01,655,14.4708041958042
"669",2020-09-01,655,19.4943342776204
"670",2020-10-01,655,38.0268326417704
"671",2020-11-01,655,63.4519345238095
"672",2020-12-01,655,78.6936797752809
"673",2019-01-01,564,69.0661290322581
"674",2019-02-01,564,69.5748511904762
"675",2019-03-01,564,28.6944892473118
"676",2019-04-01,564,20.8429203539823
"677",2019-05-01,564,15.487027027027
"678",2019-06-01,564,12.6255910987483
"679",2019-07-01,564,11.0928864569083
"680",2019-08-01,564,8.12234185733513
"681",2019-09-01,564,14.0011142061281
"682",2019-10-01,564,21.5728260869565
"683",2019-11-01,564,33.425348189415
"684",2019-12-01,564,68.715188172043
"685",2020-01-01,564,88.4462264150943
"686",2020-02-01,564,46.8693525179856
"687",2020-03-01,564,19.8760430686406
"688",2020-04-01,564,10.728129395218
"689",2020-05-01,564,7.73458856345886
"690",2020-06-01,564,9.22611111111111
"691",2020-07-01,564,12.3365591397849
"692",2020-08-01,564,8.9699865410498
"693",2020-09-01,564,11.1833333333333
"694",2020-10-01,564,24.6731805929919
"695",2020-11-01,564,55.8156944444444
"696",2020-12-01,564,76.5689516129032
"697",2019-01-01,687,98.7049798115747
"698",2019-02-01,687,76.8426229508197
"699",2019-03-01,687,33.2975576662144
"700",2019-04-01,687,23.0931849791377
"701",2019-05-01,687,14.1471063257066
"702",2019-06-01,687,15.6630555555556
"703",2019-07-01,687,16.4009408602151
"704",2019-08-01,687,16.0816358024691
"705",2019-09-01,687,23.0701388888889
"706",2019-10-01,687,34.6445491251682
"707",2019-11-01,687,47.9215877437326
"708",2019-12-01,687,78.0913746630728
"709",2020-01-01,687,103.050940860215
"710",2020-02-01,687,65.2754310344828
"711",2020-03-01,687,27.6345430107527
"712",2020-04-01,687,12.4731944444444
"713",2020-05-01,687,10.797311827957
"714",2020-06-01,687,12.6197496522949
"715",2020-07-01,687,14.5514784946237
"716",2020-08-01,687,13.9091520861373
"717",2020-09-01,687,19.9395833333333
"718",2020-10-01,687,32.3
"719",2020-11-01,687,60.1604316546763
"720",2020-12-01,687,77.4240277777778
"721",2019-01-01,682,56.8119623655914
"722",2019-02-01,682,42.7967164179104
"723",2019-03-01,682,24.0122476446837
"724",2019-04-01,682,20.8719373219373
"725",2019-05-01,682,14.5681338028169
"726",2019-06-01,682,16.0887464387464
"727",2019-07-01,682,12.6252808988764
"728",2019-08-01,682,10.0635752688172
"729",2019-09-01,682,12.2243055555556
"730",2019-10-01,682,18.8371467025572
"731",2019-11-01,682,27.3684283727399
"732",2019-12-01,682,45.1955585464334
"733",2020-01-01,682,57.9353494623656
"734",2020-02-01,682,31.6165467625899
"735",2020-03-01,682,13.3059139784946
"736",2020-04-01,682,14.9906815020862
"737",2020-05-01,682,13.052688172043
"738",2020-06-01,682,9.86796657381616
"739",2020-07-01,682,8.39940476190476
"740",2020-08-01,682,6.9990264255911
"741",2020-09-01,682,12.6658333333333
"742",2020-10-01,682,20.1467532467532
"743",2020-11-01,682,30.0423611111111
"744",2020-12-01,682,37.6754032258064
"745",2019-01-01,595,77.6543010752688
"746",2019-02-01,595,77.9104166666667
"747",2019-03-01,595,34.1509408602151
"748",2019-04-01,595,19.4371830985916
"749",2019-05-01,595,17.6235714285714
"750",2019-06-01,595,14.1578549848943
"751",2019-07-01,595,15.7506720430108
"752",2019-08-01,595,10.6896032831737
"753",2019-09-01,595,20.1995786516854
"754",2019-10-01,595,35.0013440860215
"755",2019-11-01,595,57.5566091954023
"756",2019-12-01,595,91.0798387096774
"757",2020-01-01,595,140.744086021505
"758",2020-02-01,595,59.2575539568345
"759",2020-03-01,595,24.4654054054054
"760",2020-04-01,595,14.4562674094708
"761",2020-05-01,595,13.4083333333333
"762",2020-06-01,595,14.8106944444444
"763",2020-07-01,595,18.4345430107527
"764",2020-08-01,595,15.0371987951807
"765",2020-09-01,595,22.586524822695
"766",2020-10-01,595,45.0170928667564
"767",2020-11-01,595,90.3787204450626
"768",2020-12-01,595,133.701478494624
"769",2019-01-01,656,90.1574123989218
"770",2019-02-01,656,74.1342342342342
"771",2019-03-01,656,40.3847913862719
"772",2019-04-01,656,13.6992307692308
"773",2019-05-01,656,9.91943925233645
"774",2019-06-01,656,24.0954716981132
"775",2019-07-01,656,22.2646449704142
"776",2019-08-01,656,14.9219135802469
"777",2019-09-01,656,23.4166666666667
"778",2019-10-01,656,31.9994616419919
"779",2019-11-01,656,30.2185078909613
"780",2019-12-01,656,67.178331090175
"781",2020-01-01,656,84.0412634408602
"782",2020-02-01,656,42.8072566371681
"783",2020-03-01,656,23.7694481830417
"784",2020-04-01,656,24.7959610027855
"785",2020-05-01,656,13.9789757412399
"786",2020-06-01,656,12.2258373205742
"787",2020-07-01,656,13.9974358974359
"788",2020-08-01,656,9.37394366197183
"789",2020-09-01,656,11.9543933054393
"790",2020-10-01,656,32.3238223418573
"791",2020-11-01,656,47.9608391608392
"792",2020-12-01,656,56.5542395693136
"793",2019-01-01,574,114.140324763194
"794",2019-02-01,574,110.657496136012
"795",2019-03-01,574,67.7389784946237
"796",2019-04-01,574,50.2384722222222
"797",2019-05-01,574,45.6140540540541
"798",2019-06-01,574,46.7340336134454
"799",2019-07-01,574,44.6629878869448
"800",2019-08-01,574,26.2402702702703
"801",2019-09-01,574,55.1075
"802",2019-10-01,574,67.8886167146974
"803",2019-11-01,574,78.7637377963738
"804",2019-12-01,574,109.91467025572
"805",2020-01-01,574,151.061021505376
"806",2020-02-01,574,88.5886330935252
"807",2020-03-01,574,39.9954301075269
"808",2020-04-01,574,27.1041666666667
"809",2020-05-01,574,31.0547043010753
"810",2020-06-01,574,35.7322222222222
"811",2020-07-01,574,35.0114401076716
"812",2020-08-01,574,24.5274193548387
"813",2020-09-01,574,45.5378303198887
"814",2020-10-01,574,63.866935483871
"815",2020-11-01,574,107.955972222222
"816",2020-12-01,574,87.9538358008075
"817",2019-01-01,706,60.964064602961
"818",2019-02-01,706,55.9693572496263
"819",2019-03-01,706,25.7730820995962
"820",2019-04-01,706,19.2149025069638
"821",2019-05-01,706,15.3956584659913
"822",2019-06-01,706,13.7435326842837
"823",2019-07-01,706,13.3375539568345
"824",2019-08-01,706,11.0572027972028
"825",2019-09-01,706,21.4360770577933
"826",2019-10-01,706,33.3389367816092
"827",2019-11-01,706,41.1220670391061
"828",2019-12-01,706,60.5360215053763
"829",2020-01-01,706,70.3279569892473
"830",2020-02-01,706,41.5175287356322
"831",2020-03-01,706,20.5662634408602
"832",2020-04-01,706,12.0589136490251
"833",2020-05-01,706,11.9560934891486
"834",2020-06-01,706,15.065
"835",2020-07-01,706,15.9631720430108
"836",2020-08-01,706,13.7529494382022
"837",2020-09-01,706,19.5633704735376
"838",2020-10-01,706,35.8769679300292
"839",2020-11-01,706,58.4822222222222
"840",2020-12-01,706,52.99248
"841",2019-01-01,531,143.909946236559
"842",2019-02-01,531,167.756268656716
"843",2019-03-01,531,66.6690277777778
"844",2019-04-01,531,34.9313888888889
"845",2019-05-01,531,29.009663250366
"846",2019-06-01,531,29.3468619246862
"847",2019-07-01,531,34.248367029549
"848",2019-08-01,531,33.6335227272727
"849",2019-09-01,531,48.2697222222222
"850",2019-10-01,531,63.4234260614934
"851",2019-11-01,531,85.1237068965517
"852",2019-12-01,531,140.14314516129
"853",2020-01-01,531,220.502419354839
"854",2020-02-01,531,92.511004784689
"855",2020-03-01,531,37.5091436865022
"856",2020-04-01,531,23.6316417910448
"857",2020-05-01,531,20.5567528735632
"858",2020-06-01,531,22.4883333333333
"859",2020-07-01,531,23.662037037037
"860",2020-08-01,531,21.8076470588235
"861",2020-09-01,531,31.4119444444444
"862",2020-10-01,531,68.3154777927322
"863",2020-11-01,531,118.159861111111
"864",2020-12-01,531,119.364166666667
"865",2019-01-01,1265,134.227052489906
"866",2019-02-01,1265,98.519523099851
"867",2019-03-01,1265,50.7263440860215
"868",2019-04-01,1265,23.6258333333333
"869",2019-05-01,1265,20.6918010752688
"870",2019-06-01,1265,23.3776388888889
"871",2019-07-01,1265,21.8094086021505
"872",2019-08-01,1265,18.1591397849462
"873",2019-09-01,1265,29.555
"874",2019-10-01,1265,36.8121428571429
"875",2019-11-01,1265,56.3615987460815
"876",2019-12-01,1265,94.2936742934051
"877",2020-01-01,1265,114.156802244039
"878",2020-02-01,1265,72.1989942528736
"879",2020-03-01,1265,33.4201612903226
"880",2020-04-01,1265,25.0126388888889
"881",2020-05-01,1265,19.8717741935484
"882",2020-06-01,1265,23.790782122905
"883",2020-07-01,1265,21.6081989247312
"884",2020-08-01,1265,21.9377777777778
"885",2020-09-01,1265,33.208066759388
"886",2020-10-01,1265,57.8612759643917
"887",2020-11-01,1265,84.3461111111111
"888",2020-12-01,1265,85.1588709677419
"889",2019-01-01,600,127.556456456456
"890",2019-02-01,600,106.850074515648
"891",2019-03-01,600,65.8165322580645
"892",2019-04-01,600,41.1797222222222
"893",2019-05-01,600,32.3884408602151
"894",2019-06-01,600,31.216690647482
"895",2019-07-01,600,27.771197846568
"896",2019-08-01,600,23.9823687752355
"897",2019-09-01,600,47.8457579972184
"898",2019-10-01,600,56.744623655914
"899",2019-11-01,600,69.5658333333333
"900",2019-12-01,600,105.012096774194
"901",2020-01-01,600,124.26975397974
"902",2020-02-01,600,79.6932471264368
"903",2020-03-01,600,36.3076716016151
"904",2020-04-01,600,25.3795833333333
"905",2020-05-01,600,21.7782258064516
"906",2020-06-01,600,26.8009749303621
"907",2020-07-01,600,27.0067349926794
"908",2020-08-01,600,26.9733870967742
"909",2020-09-01,600,48.3690807799443
"910",2020-10-01,600,62.0650537634409
"911",2020-11-01,600,82.3077777777778
"912",2020-12-01,600,75.2791666666667
"913",2019-01-01,657,57.9592193808883
"914",2019-02-01,657,45.4311940298507
"915",2019-03-01,657,26.3767160161507
"916",2019-04-01,657,19.2221848739496
"917",2019-05-01,657,14.0727927927928
"918",2019-06-01,657,12.567417677643
"919",2019-07-01,657,11.2463611859838
"920",2019-08-01,657,8.47521739130435
"921",2019-09-01,657,11.6706065318818
"922",2019-10-01,657,21.6127218934911
"923",2019-11-01,657,27.2107142857143
"924",2019-12-01,657,54.3325644504749
"925",2020-01-01,657,90.8129346314325
"926",2020-02-01,657,37.1217770034843
"927",2020-03-01,657,19.1552785923754
"928",2020-04-01,657,10.7779020979021
"929",2020-05-01,657,10.6198924731183
"930",2020-06-01,657,10.38625
"931",2020-07-01,657,8.76263440860215
"932",2020-08-01,657,7.93203230148048
"933",2020-09-01,657,13.7400837988827
"934",2020-10-01,657,24.2690026954178
"935",2020-11-01,657,40.4584144645341
"936",2020-12-01,657,57.1199192462988
"937",2019-01-01,546,172.113172043011
"938",2019-02-01,546,176.130654761905
"939",2019-03-01,546,81.1730474732006
"940",2019-04-01,546,46.0581944444444
"941",2019-05-01,546,30.8185611510791
"942",2019-06-01,546,40.7958477508651
"943",2019-07-01,546,27.5912634408602
"944",2019-08-01,546,21.1814041745731
"945",2019-09-01,546,34.5461002785515
"946",2019-10-01,546,62.4380514705882
"947",2019-11-01,546,74.2774425287356
"948",2019-12-01,546,123.939112903226
"949",2020-01-01,546,188.284408602151
"950",2020-02-01,546,109.281438848921
"951",2020-03-01,546,48.285598923284
"952",2020-04-01,546,28.0002781641168
"953",2020-05-01,546,22.0456989247312
"954",2020-06-01,546,29.4340277777778
"955",2020-07-01,546,27.6416216216216
"956",2020-08-01,546,26.0370967741935
"957",2020-09-01,546,38.1590277777778
"958",2020-10-01,546,72.8043126684636
"959",2020-11-01,546,114.058964879852
"960",2020-12-01,546,101.846314325452
"961",2019-01-01,664,99.4019746121298
"962",2019-02-01,664,82.0793721973094
"963",2019-03-01,664,40.7776581426649
"964",2019-04-01,664,24.2569037656904
"965",2019-05-01,664,19.8974481658692
"966",2019-06-01,664,19.4835820895522
"967",2019-07-01,664,21.219298245614
"968",2019-08-01,664,19.7578352180937
"969",2019-09-01,664,26.3271587743733
"970",2019-10-01,664,37.9108146067416
"971",2019-11-01,664,53.9180758017493
"972",2019-12-01,664,88.3785326086957
"973",2020-01-01,664,109.889324324324
"974",2020-02-01,664,74.9672438672439
"975",2020-03-01,664,34.3298788694482
"976",2020-04-01,664,25.3103207810321
"977",2020-05-01,664,22.8097428958051
"978",2020-06-01,664,22.2828212290503
"979",2020-07-01,664,22.0959568733154
"980",2020-08-01,664,21.9265856950067
"981",2020-09-01,664,32.7460893854749
"982",2020-10-01,664,52.3393530997305
"983",2020-11-01,664,73.3769444444444
"984",2020-12-01,664,70.1746955345061
"985",2019-01-01,670,94.722371967655
"986",2019-02-01,670,71.8248511904762
"987",2019-03-01,670,35.7681940700809
"988",2019-04-01,670,19.6777777777778
"989",2019-05-01,670,15.1942652329749
"990",2019-06-01,670,19.2075
"991",2019-07-01,670,18.4211590296496
"992",2019-08-01,670,14.580487804878
"993",2019-09-01,670,22.1848611111111
"994",2019-10-01,670,33.3647469458988
"995",2019-11-01,670,40.7655571635311
"996",2019-12-01,670,71.6528378378378
"997",2020-01-01,670,97.4083333333333
"998",2020-02-01,670,55.1112391930836
"999",2020-03-01,670,26.3029609690444
"1000",2020-04-01,670,18.8505327245053
"1001",2020-05-01,670,15.6886944818304
"1002",2020-06-01,670,16.1376912378303
"1003",2020-07-01,670,16.1270013568521
"1004",2020-08-01,670,14.5236877523553
"1005",2020-09-01,670,20.6085227272727
"1006",2020-10-01,670,37.2115598885794
"1007",2020-11-01,670,50.6951388888889
"1008",2020-12-01,670,57.4926630434783
"1009",2019-01-01,663,118.349460916442
"1010",2019-02-01,663,101.215499254844
"1011",2019-03-01,663,49.7418732782369
"1012",2019-04-01,663,30.373779637378
"1013",2019-05-01,663,22.9936479128857
"1014",2019-06-01,663,27.0374753451677
"1015",2019-07-01,663,27.1261127596439
"1016",2019-08-01,663,24.2965457685665
"1017",2019-09-01,663,35.4543810848401
"1018",2019-10-01,663,53.2518620689655
"1019",2019-11-01,663,56.444347826087
"1020",2019-12-01,663,100.830834512023
"1021",2020-01-01,663,120.276429567643
"1022",2020-02-01,663,68.9293768545994
"1023",2020-03-01,663,28.1027510316369
"1024",2020-04-01,663,21.7474789915966
"1025",2020-05-01,663,16.3025572005384
"1026",2020-06-01,663,20.7196556671449
"1027",2020-07-01,663,20.6126514131898
"1028",2020-08-01,663,20.8561569688769
"1029",2020-09-01,663,30.9682892906815
"1030",2020-10-01,663,54.4872754491018
"1031",2020-11-01,663,65.4994421199442
"1032",2020-12-01,663,66.7726287262873
"1033",2019-01-01,542,151.187668918919
"1034",2019-02-01,542,134.822321428571
"1035",2019-03-01,542,78.4533333333333
"1036",2019-04-01,542,47.3571030640669
"1037",2019-05-01,542,36.1168421052632
"1038",2019-06-01,542,32.8740947075209
"1039",2019-07-01,542,28.9127717391304
"1040",2019-08-01,542,24.6684210526316
"1041",2019-09-01,542,48.5533088235294
"1042",2019-10-01,542,60.163691376702
"1043",2019-11-01,542,95.5188218390805
"1044",2019-12-01,542,134.129032258065
"1045",2020-01-01,542,198.698774885145
"1046",2020-02-01,542,97.1654867256637
"1047",2020-03-01,542,41.7795148247978
"1048",2020-04-01,542,28.39125
"1049",2020-05-01,542,23.124
"1050",2020-06-01,542,22.8948179271709
"1051",2020-07-01,542,22.7084905660377
"1052",2020-08-01,542,19.4463687150838
"1053",2020-09-01,542,34.9221198156682
"1054",2020-10-01,542,60.5604037267081
"1055",2020-11-01,542,102.458944954128
"1056",2020-12-01,542,141.072600834492
"1057",2019-01-01,576,97.2845029239766
"1058",2019-02-01,576,89.9774844720497
"1059",2019-03-01,576,86.3760670731707
"1060",2019-04-01,576,54.1727019498607
"1061",2019-05-01,576,45.6924332344214
"1062",2019-06-01,576,38.7641061452514
"1063",2019-07-01,576,41.2995967741935
"1064",2019-08-01,576,27.898595505618
"1065",2019-09-01,576,50.3742759795571
"1066",2019-10-01,576,69.2812154696133
"1067",2019-11-01,576,93.7990264255911
"1068",2019-12-01,576,136.067341430499
"1069",2020-01-01,576,179.474059139785
"1070",2020-02-01,576,102.324495677233
"1071",2020-03-01,576,42.6375
"1072",2020-04-01,576,20.8436111111111
"1073",2020-05-01,576,22.3030095759234
"1074",2020-06-01,576,30.6122222222222
"1075",2020-07-01,576,32.1731182795699
"1076",2020-08-01,576,22.8225806451613
"1077",2020-09-01,576,44.4163888888889
"1078",2020-10-01,576,67.6163978494624
"1079",2020-11-01,576,95.1546592489569
"1080",2020-12-01,576,109.703897849462
"1081",2019-01-01,705,179.093723849372
"1082",2019-02-01,705,177.100148809524
"1083",2019-03-01,705,78.1596153846154
"1084",2019-04-01,705,45.6563282336579
"1085",2019-05-01,705,38.5302186878728
"1086",2019-06-01,705,43.6722868217054
"1087",2019-07-01,705,30.62583081571
"1088",2019-08-01,705,18.9246231155779
"1089",2019-09-01,705,42.6845045045045
"1090",2019-10-01,705,60.0727762803235
"1091",2019-11-01,705,54.6633333333333
"1092",2019-12-01,705,106.164777327935
"1093",2020-01-01,705,215.829245283019
"1094",2020-02-01,705,98.8432634730539
"1095",2020-03-01,705,43.5750692520776
"1096",2020-04-01,705,24.5980555555556
"1097",2020-05-01,705,17.407123655914
"1098",2020-06-01,705,20.6755351681957
"1099",2020-07-01,705,21.2711772665765
"1100",2020-08-01,705,20.7730555555556
"1101",2020-09-01,705,34.6913994169096
"1102",2020-10-01,705,80.1376344086022
"1103",2020-11-01,705,139.152808988764
"1104",2020-12-01,705,102.928094302554
"1105",2019-01-01,528,133.128494623656
"1106",2019-02-01,528,152.228228228228
"1107",2019-03-01,528,83.6947580645161
"1108",2019-04-01,528,54.1858995137763
"1109",2019-05-01,528,44.7520861372813
"1110",2019-06-01,528,40.4294540229885
"1111",2019-07-01,528,34.8497975708502
"1112",2019-08-01,528,29.4186666666667
"1113",2019-09-01,528,54.7093617021277
"1114",2019-10-01,528,71.8103494623656
"1115",2019-11-01,528,91.6732590529248
"1116",2019-12-01,528,93.1885752688172
"1117",2020-01-01,528,204.806586021505
"1118",2020-02-01,528,108.788345323741
"1119",2020-03-01,528,53.7228802153432
"1120",2020-04-01,528,31.1897222222222
"1121",2020-05-01,528,27.3411290322581
"1122",2020-06-01,528,31.23421418637
"1123",2020-07-01,528,29.8279352226721
"1124",2020-08-01,528,25.6877523553163
"1125",2020-09-01,528,47.0744444444444
"1126",2020-10-01,528,82.5233783783784
"1127",2020-11-01,528,127.310987482615
"1128",2020-12-01,528,138.060833333333
"1129",2019-01-01,548,147.80752688172
"1130",2019-02-01,548,146.493144560358
"1131",2019-03-01,548,73.966106442577
"1132",2019-04-01,548,65.5888579387187
"1133",2019-05-01,548,50.6761127596439
"1134",2019-06-01,548,42.082
"1135",2019-07-01,548,38.1875
"1136",2019-08-01,548,31.7077651515152
"1137",2019-09-01,548,58.5194524495677
"1138",2019-10-01,548,85.715
"1139",2019-11-01,548,103.786596385542
"1140",2019-12-01,548,144.860556464812
"1141",2020-01-01,548,200.931182795699
"1142",2020-02-01,548,111.440804597701
"1143",2020-03-01,548,50.1329744279946
"1144",2020-04-01,548,32.2502092050209
"1145",2020-05-01,548,33.7721774193548
"1146",2020-06-01,548,41.9218055555556
"1147",2020-07-01,548,45.9047619047619
"1148",2020-08-01,548,37.5853297442799
"1149",2020-09-01,548,60.1638392857143
"1150",2020-10-01,548,85.7384931506849
"1151",2020-11-01,548,122.548194444444
"1152",2020-12-01,548,132.769662921348
"1153",2019-01-01,539,187.940994623656
"1154",2019-02-01,539,164.226488095238
"1155",2019-03-01,539,84.3650537634409
"1156",2019-04-01,539,54.2320833333333
"1157",2019-05-01,539,42.9793539325843
"1158",2019-06-01,539,50.7567454798331
"1159",2019-07-01,539,40.7826612903226
"1160",2019-08-01,539,37.119696969697
"1161",2019-09-01,539,64.5456614509246
"1162",2019-10-01,539,82.5036443148688
"1163",2019-11-01,539,117.130416666667
"1164",2019-12-01,539,155.965497896213
"1165",2020-01-01,539,250.690322580645
"1166",2020-02-01,539,156.717410071942
"1167",2020-03-01,539,75.2002688172043
"1168",2020-04-01,539,49.9773611111111
"1169",2020-05-01,539,37.7647375504711
"1170",2020-06-01,539,46.8931944444444
"1171",2020-07-01,539,29.8654368932039
"1172",2020-08-01,539,23.0100806451613
"1173",2020-09-01,539,49.2248611111111
"1174",2020-10-01,539,69.3612903225806
"1175",2020-11-01,539,146.695894909688
"1176",2020-12-01,539,113.345901639344
"1177",2019-01-01,501,272.860475482912
"1178",2019-02-01,501,248.205803571429
"1179",2019-03-01,501,108.014861111111
"1180",2019-04-01,501,73.9725626740947
"1181",2019-05-01,501,60.0045822102426
"1182",2019-06-01,501,58.1879166666667
"1183",2019-07-01,501,52.8630936227951
"1184",2019-08-01,501,45.6242152466368
"1185",2019-09-01,501,72.1303951367781
"1186",2019-10-01,501,121.301255230126
"1187",2019-11-01,501,159.280833333333
"1188",2019-12-01,501,149.72465034965
"1189",2020-01-01,501,156.134812286689
"1190",2020-02-01,501,139.069255150555
"1191",2020-03-01,501,68.8146900269542
"1192",2020-04-01,501,39.8616666666667
"1193",2020-05-01,501,42.4045945945946
"1194",2020-06-01,501,48.7930362116992
"1195",2020-07-01,501,45.1572199730094
"1196",2020-08-01,501,41.1766129032258
"1197",2020-09-01,501,69.80375
"1198",2020-10-01,501,121.095833333333
"1199",2020-11-01,501,173.049511854951
"1200",2020-12-01,501,165.958571428571
"1201",2019-01-01,681,3.70994623655914
"1202",2019-02-01,681,4.28095238095238
"1203",2019-03-01,681,2.07432835820896
"1204",2019-04-01,681,13.3789986091794
"1205",2019-05-01,681,17.0422316384181
"1206",2019-06-01,681,13.7361563517915
"1207",2019-07-01,681,9.80390309555855
"1208",2019-08-01,681,8.26061827956989
"1209",2019-09-01,681,9.27614942528736
"1210",2019-10-01,681,5.73376205787781
"1211",2019-11-01,681,2.6275
"1212",2019-12-01,681,3.23575268817204
"1213",2020-01-01,681,3.4244623655914
"1214",2020-02-01,681,7.22901098901099
"1215",2020-03-01,681,6.14529569892473
"1216",2020-04-01,681,6.47916083916084
"1217",2020-05-01,681,5.07901459854015
"1218",2020-06-01,681,5.88481894150418
"1219",2020-07-01,681,6.99139784946237
"1220",2020-08-01,681,5.85087483176312
"1221",2020-09-01,681,6.13194444444444
"1222",2020-10-01,681,5.86854838709677
"1223",2020-11-01,681,7.53562992125984
"1224",2020-12-01,681,2.95959752321981
"1225",2019-01-01,674,125.247715053763
"1226",2019-02-01,674,140.722159090909
"1227",2019-03-01,674,NA
"1228",2019-04-01,674,NA
"1229",2019-05-01,674,40.7112820512821
"1230",2019-06-01,674,40.9874125874126
"1231",2019-07-01,674,47.1479082321188
"1232",2019-08-01,674,37.3255360623782
"1233",2019-09-01,674,78.1443410852713
"1234",2019-10-01,674,85.7777927321669
"1235",2019-11-01,674,118.688505747126
"1236",2019-12-01,674,163.411574697174
"1237",2020-01-01,674,223.950555555556
"1238",2020-02-01,674,133.846982758621
"1239",2020-03-01,674,86.7620087336245
"1240",2020-04-01,674,28.7234042553191
"1241",2020-05-01,674,32.9125360230548
"1242",2020-06-01,674,35.5709770114943
"1243",2020-07-01,674,36.5333796940195
"1244",2020-08-01,674,36.4791666666667
"1245",2020-09-01,674,53.8148414985591
"1246",2020-10-01,674,80.5920567375886
"1247",2020-11-01,674,120.7425
"1248",2020-12-01,674,155.520517560074
"1249",2019-01-01,1374,73.7161231884058
"1250",2019-02-01,1374,88.8454376163873
"1251",2019-03-01,1374,63.3512667660209
"1252",2019-04-01,1374,65.6401785714286
"1253",2019-05-01,1374,67.806976744186
"1254",2019-06-01,1374,54.2617933723197
"1255",2019-07-01,1374,40.2800627943485
"1256",2019-08-01,1374,46.8452205882353
"1257",2019-09-01,1374,66.2915384615385
"1258",2019-10-01,1374,49.8889380530973
"1259",2019-11-01,1374,44.4571428571429
"1260",2019-12-01,1374,53.0703583061889
"1261",2020-01-01,1374,91.9834024896266
"1262",2020-02-01,1374,53.5965517241379
"1263",2020-03-01,1374,34.2611559139785
"1264",2020-04-01,1374,27.3659634317862
"1265",2020-05-01,1374,31.3196500672948
"1266",2020-06-01,1374,27.9958333333333
"1267",2020-07-01,1374,25.7567567567568
"1268",2020-08-01,1374,26.5786963434022
"1269",2020-09-01,1374,39.1908333333333
"1270",2020-10-01,1374,46.2943472409152
"1271",2020-11-01,1374,66.3074074074074
"1272",2020-12-01,1374,106.679597701149
"1273",2019-01-01,572,45.4382521489971
"1274",2019-02-01,572,43.2809239940388
"1275",2019-03-01,572,20.7296657381616
"1276",2019-04-01,572,18.1327777777778
"1277",2019-05-01,572,16.1303112313938
"1278",2019-06-01,572,12.545
"1279",2019-07-01,572,11.8911290322581
"1280",2019-08-01,572,12.0158815612382
"1281",2019-09-01,572,17.7341666666667
"1282",2019-10-01,572,28.5670028818444
"1283",2019-11-01,572,37.3121169916435
"1284",2019-12-01,572,62.7180107526882
"1285",2020-01-01,572,58.4231493943472
"1286",2020-02-01,572,33.9218390804598
"1287",2020-03-01,572,13.0178619756428
"1288",2020-04-01,572,12.2511111111111
"1289",2020-05-01,572,14.2498461538462
"1290",2020-06-01,572,15.3055710306407
"1291",2020-07-01,572,12.8113055181696
"1292",2020-08-01,572,13.6643817204301
"1293",2020-09-01,572,21.6466966966967
"1294",2020-10-01,572,22.1990578734859
"1295",2020-11-01,572,37.9892906815021
"1296",2020-12-01,572,40.1122311827957
"1297",2019-01-01,545,65.9052419354839
"1298",2019-02-01,545,52.1869047619048
"1299",2019-03-01,545,27.5146443514644
"1300",2019-04-01,545,20.3158631415241
"1301",2019-05-01,545,16.4669902912621
"1302",2019-06-01,545,18.4487465181058
"1303",2019-07-01,545,19.501414427157
"1304",2019-08-01,545,18.6013257575758
"1305",2019-09-01,545,23.0176388888889
"1306",2019-10-01,545,30.5354253835425
"1307",2019-11-01,545,47.110775862069
"1308",2019-12-01,545,69.8261103633916
"1309",2020-01-01,545,87.5063257065949
"1310",2020-02-01,545,53.1198275862069
"1311",2020-03-01,545,28.9088709677419
"1312",2020-04-01,545,21.1223922114047
"1313",2020-05-01,545,17.6153225806452
"1314",2020-06-01,545,17.3994444444444
"1315",2020-07-01,545,16.3263157894737
"1316",2020-08-01,545,16.8235215053763
"1317",2020-09-01,545,23.0701388888889
"1318",2020-10-01,545,31.5622311827957
"1319",2020-11-01,545,49.0060344827586
"1320",2020-12-01,545,49.2077777777778
"1321",2019-01-01,659,69.6771929824561
"1322",2019-02-01,659,62.4150297619048
"1323",2019-03-01,659,39.7467654986523
"1324",2019-04-01,659,22.5904033379694
"1325",2019-05-01,659,17.3493079584775
"1326",2019-06-01,659,16.2704809286899
"1327",2019-07-01,659,16.3294751009421
"1328",2019-08-01,659,13.366814159292
"1329",2019-09-01,659,21.906646971935
"1330",2019-10-01,659,28.3300417246175
"1331",2019-11-01,659,39.4388038942976
"1332",2019-12-01,659,66.1954476479514
"1333",2020-01-01,659,67.0831737346101
"1334",2020-02-01,659,41.4658501440922
"1335",2020-03-01,659,19.993935309973
"1336",2020-04-01,659,11.5827258320127
"1337",2020-05-01,659,12.3646978021978
"1338",2020-06-01,659,15.8863157894737
"1339",2020-07-01,659,9.41350613915416
"1340",2020-08-01,659,10.9473684210526
"1341",2020-09-01,659,25.308217270195
"1342",2020-10-01,659,35.0098591549296
"1343",2020-11-01,659,47.1648122392211
"1344",2020-12-01,659,52.3422043010753
"1345",2019-01-01,596,94.2130376344086
"1346",2019-02-01,596,92.0303571428571
"1347",2019-03-01,596,35.8584118438762
"1348",2019-04-01,596,18.4632823365786
"1349",2019-05-01,596,16.8047043010753
"1350",2019-06-01,596,17.9305865921788
"1351",2019-07-01,596,22.8981081081081
"1352",2019-08-01,596,13.8812920592194
"1353",2019-09-01,596,21.0870473537604
"1354",2019-10-01,596,30.3032258064516
"1355",2019-11-01,596,49.8293055555556
"1356",2019-12-01,596,91.7970430107527
"1357",2020-01-01,596,132.851009421265
"1358",2020-02-01,596,57.0513708513708
"1359",2020-03-01,596,22.261590296496
"1360",2020-04-01,596,10.9095833333333
"1361",2020-05-01,596,11.952427184466
"1362",2020-06-01,596,11.3819193324061
"1363",2020-07-01,596,12.8931412894376
"1364",2020-08-01,596,12.7782258064516
"1365",2020-09-01,596,21.1394444444444
"1366",2020-10-01,596,36.7455988455988
"1367",2020-11-01,596,62.684561891516
"1368",2020-12-01,596,79.8686406460296
"1369",2019-01-01,708,69.4399193548387
"1370",2019-02-01,708,54.128869047619
"1371",2019-03-01,708,27.5015360983103
"1372",2019-04-01,708,21.6080555555556
"1373",2019-05-01,708,14.2756720430108
"1374",2019-06-01,708,11.0759440559441
"1375",2019-07-01,708,10.2241935483871
"1376",2019-08-01,708,7.73849259757739
"1377",2019-09-01,708,14.2442280945758
"1378",2019-10-01,708,26.2029609690444
"1379",2019-11-01,708,38.1434722222222
"1380",2019-12-01,708,62.7762096774194
"1381",2020-01-01,708,76.6706989247312
"1382",2020-02-01,708,46.631654676259
"1383",2020-03-01,708,25.9255720053836
"1384",2020-04-01,708,17.3349702380952
"1385",2020-05-01,708,12.2671601615074
"1386",2020-06-01,708,11.5566248256625
"1387",2020-07-01,708,12.5597577388964
"1388",2020-08-01,708,10.379015918958
"1389",2020-09-01,708,18.5329787234043
"1390",2020-10-01,708,32.2340840840841
"1391",2020-11-01,708,44.3326388888889
"1392",2020-12-01,708,49.9722745625841
"1393",2019-01-01,643,154.577553763441
"1394",2019-02-01,643,130.707600596125
"1395",2019-03-01,643,71.0860215053764
"1396",2019-04-01,643,44.2255813953488
"1397",2019-05-01,643,32.4764784946237
"1398",2019-06-01,643,31.4348348348348
"1399",2019-07-01,643,26.2291066282421
"1400",2019-08-01,643,24.3270524899058
"1401",2019-09-01,643,42.4531295487627
"1402",2019-10-01,643,55.3962290502793
"1403",2019-11-01,643,77.3362116991644
"1404",2019-12-01,643,117.258950201884
"1405",2020-01-01,643,143.686962365591
"1406",2020-02-01,643,98.2104885057471
"1407",2020-03-01,643,45.1459677419355
"1408",2020-04-01,643,32.4273611111111
"1409",2020-05-01,643,30.7625
"1410",2020-06-01,643,35.1239538239538
"1411",2020-07-01,643,31.749932705249
"1412",2020-08-01,643,28.0956884561892
"1413",2020-09-01,643,41.8402777777778
"1414",2020-10-01,643,56.134811827957
"1415",2020-11-01,643,68.6805429864253
"1416",2020-12-01,643,93.3446837146703
"1417",2019-01-01,642,119.760887096774
"1418",2019-02-01,642,100.993889716841
"1419",2019-03-01,642,49.4693548387097
"1420",2019-04-01,642,28.0090523338048
"1421",2019-05-01,642,22.8844250363901
"1422",2019-06-01,642,23.5105555555556
"1423",2019-07-01,642,22.442799461642
"1424",2019-08-01,642,20.9500695410292
"1425",2019-09-01,642,28.0152204836415
"1426",2019-10-01,642,42.9839524517088
"1427",2019-11-01,642,64.1579166666667
"1428",2019-12-01,642,94.4032345013477
"1429",2020-01-01,642,120.967654986523
"1430",2020-02-01,642,73.7795977011494
"1431",2020-03-01,642,31.1748317631225
"1432",2020-04-01,642,23.0316666666667
"1433",2020-05-01,642,21.9782726045884
"1434",2020-06-01,642,21.6076495132128
"1435",2020-07-01,642,19.3130376344086
"1436",2020-08-01,642,18.9504166666667
"1437",2020-09-01,642,29.3991666666667
"1438",2020-10-01,642,44.5282258064516
"1439",2020-11-01,642,61.5147426981919
"1440",2020-12-01,642,72.7683355886333
"1441",2019-01-01,1274,29.7025537634409
"1442",2019-02-01,1274,34.3162202380952
"1443",2019-03-01,1274,19.5078167115903
"1444",2019-04-01,1274,15.2320781032078
"1445",2019-05-01,1274,11.1047233468286
"1446",2019-06-01,1274,12.1381615598886
"1447",2019-07-01,1274,13.6384266263238
"1448",2019-08-01,1274,15.6165991902834
"1449",2019-09-01,1274,20.558635097493
"1450",2019-10-01,1274,27.1139332365747
"1451",2019-11-01,1274,26.3318941504178
"1452",2019-12-01,1274,37.7460188933873
"1453",2020-01-01,1274,45.8010752688172
"1454",2020-02-01,1274,35.7353640416048
"1455",2020-03-01,1274,21.0491913746631
"1456",2020-04-01,1274,15.5665701881331
"1457",2020-05-01,1274,15.0967959527825
"1458",2020-06-01,1274,12.6406944444444
"1459",2020-07-01,1274,8.93675450762829
"1460",2020-08-01,1274,7.68375
"1461",2020-09-01,1274,11.1744897959184
"1462",2020-10-01,1274,22.3496463932108
"1463",2020-11-01,1274,34.1404511278195
"1464",2020-12-01,1274,33.1061452513966
"1465",2019-01-01,695,68.8909946236559
"1466",2019-02-01,695,61.6388059701493
"1467",2019-03-01,695,34.7061827956989
"1468",2019-04-01,695,21.8005610098177
"1469",2019-05-01,695,14.3790145985401
"1470",2019-06-01,695,18.8322195704057
"1471",2019-07-01,695,15.7840551181102
"1472",2019-08-01,695,14.4802721088435
"1473",2019-09-01,695,20.0611111111111
"1474",2019-10-01,695,32.0107541899441
"1475",2019-11-01,695,45.7438110749186
"1476",2019-12-01,695,71.0830188679245
"1477",2020-01-01,695,99.5748655913979
"1478",2020-02-01,695,59.365035971223
"1479",2020-03-01,695,22.8629032258065
"1480",2020-04-01,695,12.9465924895688
"1481",2020-05-01,695,12.7179004037685
"1482",2020-06-01,695,13.9500695410292
"1483",2020-07-01,695,15.580701754386
"1484",2020-08-01,695,19.9972972972973
"1485",2020-09-01,695,25.0177777777778
"1486",2020-10-01,695,36.4328571428571
"1487",2020-11-01,695,52.3984658298466
"1488",2020-12-01,695,61.8068733153639
"1489",2019-01-01,661,92.2861185983827
"1490",2019-02-01,661,81.0315946348733
"1491",2019-03-01,661,43.3301886792453
"1492",2019-04-01,661,24.4169172932331
"1493",2019-05-01,661,20.9933884297521
"1494",2019-06-01,661,16.4905982905983
"1495",2019-07-01,661,22.5048780487805
"1496",2019-08-01,661,24.9877761413844
"1497",2019-09-01,661,28.426842837274
"1498",2019-10-01,661,40.7048611111111
"1499",2019-11-01,661,46.3119777158774
"1500",2019-12-01,661,92.3704301075269
"1501",2020-01-01,661,154.230862533693
"1502",2020-02-01,661,72.4390804597701
"1503",2020-03-01,661,34.3411605937922
"1504",2020-04-01,661,20.2230876216968
"1505",2020-05-01,661,22.7850806451613
"1506",2020-06-01,661,17.5466573816156
"1507",2020-07-01,661,15.5914156626506
"1508",2020-08-01,661,12.7535859269283
"1509",2020-09-01,661,19.9934472934473
"1510",2020-10-01,661,37.012380952381
"1511",2020-11-01,661,74.8449235048679
"1512",2020-12-01,661,93.8970430107527
"1513",2019-01-01,514,151.81938534279
"1514",2019-02-01,514,167.796204620462
"1515",2019-03-01,514,79.0473611111111
"1516",2019-04-01,514,46.7745479833101
"1517",2019-05-01,514,37.3650170648464
"1518",2019-06-01,514,30.970652173913
"1519",2019-07-01,514,18.9408602150538
"1520",2019-08-01,514,25.2464646464646
"1521",2019-09-01,514,54.8675
"1522",2019-10-01,514,79.5138888888889
"1523",2019-11-01,514,106.969396551724
"1524",2019-12-01,514,165.269220430108
"1525",2020-01-01,514,264.03185483871
"1526",2020-02-01,514,138.044748201439
"1527",2020-03-01,514,61.951747311828
"1528",2020-04-01,514,32.0244444444444
"1529",2020-05-01,514,25.7774193548387
"1530",2020-06-01,514,29.6069503546099
"1531",2020-07-01,514,31.4502024291498
"1532",2020-08-01,514,29.2759408602151
"1533",2020-09-01,514,54.9629283489097
"1534",2020-10-01,514,78.5392320534224
"1535",2020-11-01,514,72.935223880597
"1536",2020-12-01,514,96.8596363636364
"1537",2019-01-01,606,209.522311827957
"1538",2019-02-01,606,191.33244047619
"1539",2019-03-01,606,101.896478873239
"1540",2019-04-01,606,53.5270358306189
"1541",2019-05-01,606,51.8239569313594
"1542",2019-06-01,606,51.7442028985507
"1543",2019-07-01,606,44.4724462365591
"1544",2019-08-01,606,40.6512333965844
"1545",2019-09-01,606,63.4723214285714
"1546",2019-10-01,606,82.6901749663526
"1547",2019-11-01,606,103.882097649186
"1548",2019-12-01,606,158.234274193548
"1549",2020-01-01,606,223.246164199192
"1550",2020-02-01,606,117.815660377358
"1551",2020-03-01,606,64.9974008207934
"1552",2020-04-01,606,46.6331015299026
"1553",2020-05-01,606,33.2014824797844
"1554",2020-06-01,606,39.5902370990237
"1555",2020-07-01,606,37.5621803499327
"1556",2020-08-01,606,31.9018922852984
"1557",2020-09-01,606,51.8425625920471
"1558",2020-10-01,606,99.1214876033058
"1559",2020-11-01,606,125.266091954023
"1560",2020-12-01,606,124.023001402525
"1561",2019-01-01,598,85.6983870967742
"1562",2019-02-01,598,64.2669278996865
"1563",2019-03-01,598,40.5333783783784
"1564",2019-04-01,598,22.1349431818182
"1565",2019-05-01,598,19.4088709677419
"1566",2019-06-01,598,18.1243393602225
"1567",2019-07-01,598,17.3006720430108
"1568",2019-08-01,598,16.4347240915209
"1569",2019-09-01,598,21.8809379727685
"1570",2019-10-01,598,24.327688172043
"1571",2019-11-01,598,33.3371866295265
"1572",2019-12-01,598,55.1654569892473
"1573",2020-01-01,598,65.7864628820961
"1574",2020-02-01,598,50.7749158249158
"1575",2020-03-01,598,29.6625675675676
"1576",2020-04-01,598,20.2852777777778
"1577",2020-05-01,598,17.4177419354839
"1578",2020-06-01,598,17.8707520891365
"1579",2020-07-01,598,20.014401076716
"1580",2020-08-01,598,19.0224764468371
"1581",2020-09-01,598,28.6447844228095
"1582",2020-10-01,598,35.4041722745626
"1583",2020-11-01,598,58.1829166666667
"1584",2020-12-01,598,60.1538978494624
"1585",2019-01-01,693,78.129435483871
"1586",2019-02-01,693,63.3966666666667
"1587",2019-03-01,693,31.3998655913978
"1588",2019-04-01,693,22.0318497913769
"1589",2019-05-01,693,15.5032258064516
"1590",2019-06-01,693,15.8899860917942
"1591",2019-07-01,693,18.0610556348074
"1592",2019-08-01,693,12.8320531757755
"1593",2019-09-01,693,19.3538720538721
"1594",2019-10-01,693,29.1432786885246
"1595",2019-11-01,693,43.6899681528662
"1596",2019-12-01,693,72.6493224932249
"1597",2020-01-01,693,80.9806451612903
"1598",2020-02-01,693,48.1423021582734
"1599",2020-03-01,693,25.3924731182796
"1600",2020-04-01,693,16.7330555555556
"1601",2020-05-01,693,13.6268933539413
"1602",2020-06-01,693,13.8205020920502
"1603",2020-07-01,693,14.6258982035928
"1604",2020-08-01,693,13.6894297635605
"1605",2020-09-01,693,19.6640132669983
"1606",2020-10-01,693,30.5766091051805
"1607",2020-11-01,693,55.276443768997
"1608",2020-12-01,693,55.2069836552749
"1609",2019-01-01,654,86.8702777777778
"1610",2019-02-01,654,86.9329359165425
"1611",2019-03-01,654,47.3188302425107
"1612",2019-04-01,654,28.5950773558368
"1613",2019-05-01,654,26.0164682539683
"1614",2019-06-01,654,20.379889298893
"1615",2019-07-01,654,17.6959568733154
"1616",2019-08-01,654,12.2315028901734
"1617",2019-09-01,654,22.4769452449568
"1618",2019-10-01,654,31.7377437325905
"1619",2019-11-01,654,47.4918209876543
"1620",2019-12-01,654,102.242836468886
"1621",2020-01-01,654,115.655386740331
"1622",2020-02-01,654,61.0881188118812
"1623",2020-03-01,654,32.3905660377359
"1624",2020-04-01,654,17.1988023952096
"1625",2020-05-01,654,14.0793800539084
"1626",2020-06-01,654,11.4274125874126
"1627",2020-07-01,654,12.0027142857143
"1628",2020-08-01,654,11.4375346260388
"1629",2020-09-01,654,19
"1630",2020-10-01,654,36.6942126514132
"1631",2020-11-01,654,60.4266176470588
"1632",2020-12-01,654,81.0360119047619
"1633",2019-01-01,554,122.391129032258
"1634",2019-02-01,554,115.384155455904
"1635",2019-03-01,554,49.5567204301075
"1636",2019-04-01,554,25.4495833333333
"1637",2019-05-01,554,19.2725806451613
"1638",2019-06-01,554,14.3315277777778
"1639",2019-07-01,554,14.2278225806452
"1640",2019-08-01,554,13.9795977011494
"1641",2019-09-01,554,27.1667593880389
"1642",2019-10-01,554,42.785752688172
"1643",2019-11-01,554,64.5893055555556
"1644",2019-12-01,554,99.4897849462366
"1645",2020-01-01,554,153.30188172043
"1646",2020-02-01,554,79.6491379310345
"1647",2020-03-01,554,33.8227150537634
"1648",2020-04-01,554,16.6272222222222
"1649",2020-05-01,554,12.2225806451613
"1650",2020-06-01,554,15.89125
"1651",2020-07-01,554,14.4904569892473
"1652",2020-08-01,554,11.9463709677419
"1653",2020-09-01,554,20.5140472878999
"1654",2020-10-01,554,50.597688751926
"1655",2020-11-01,554,99.7079276773296
"1656",2020-12-01,554,115.141944444444
"1657",2019-01-01,703,66.2083676268861
"1658",2019-02-01,703,49.4900158478605
"1659",2019-03-01,703,20.4824099722992
"1660",2019-04-01,703,15.2694986072423
"1661",2019-05-01,703,8.77194928684628
"1662",2019-06-01,703,13.6781690140845
"1663",2019-07-01,703,15.7628032345013
"1664",2019-08-01,703,13.6513473053892
"1665",2019-09-01,703,15.3614285714286
"1666",2019-10-01,703,21.1399182561308
"1667",2019-11-01,703,31.0408104196816
"1668",2019-12-01,703,52.4032078103208
"1669",2020-01-01,703,67.780394922426
"1670",2020-02-01,703,33.7197962154294
"1671",2020-03-01,703,15.9491666666667
"1672",2020-04-01,703,16.2043115438108
"1673",2020-05-01,703,15.04826629681
"1674",2020-06-01,703,15.7101983002833
"1675",2020-07-01,703,16.6471232876712
"1676",2020-08-01,703,13.8541547277937
"1677",2020-09-01,703,18.8166904422254
"1678",2020-10-01,703,23.9183535762483
"1679",2020-11-01,703,33.99125
"1680",2020-12-01,703,42.4715492957747
"1681",2019-01-01,504,181.578091397849
"1682",2019-02-01,504,201.791369047619
"1683",2019-03-01,504,83.4040322580645
"1684",2019-04-01,504,48.9575
"1685",2019-05-01,504,41.6457489878542
"1686",2019-06-01,504,35.5179597701149
"1687",2019-07-01,504,32.242345276873
"1688",2019-08-01,504,27.275855513308
"1689",2019-09-01,504,51.1426229508197
"1690",2019-10-01,504,70.7441295546559
"1691",2019-11-01,504,94.6228730822873
"1692",2019-12-01,504,137.194616419919
"1693",2020-01-01,504,226.101344086021
"1694",2020-02-01,504,128.089335394127
"1695",2020-03-01,504,50.2439114391144
"1696",2020-04-01,504,32.4485396383866
"1697",2020-05-01,504,32.0793522267207
"1698",2020-06-01,504,28.6119777158774
"1699",2020-07-01,504,27.699730820996
"1700",2020-08-01,504,27.3299731182796
"1701",2020-09-01,504,50.0571627260083
"1702",2020-10-01,504,92.8551816958277
"1703",2020-11-01,504,142.235833333333
"1704",2020-12-01,504,156.051805555556
"1705",2019-01-01,569,100.838262195122
"1706",2019-02-01,569,85.5028273809524
"1707",2019-03-01,569,34.7633064516129
"1708",2019-04-01,569,24.9733983286908
"1709",2019-05-01,569,20.4231578947368
"1710",2019-06-01,569,16.5524339360223
"1711",2019-07-01,569,17.069647696477
"1712",2019-08-01,569,16.7897931034483
"1713",2019-09-01,569,21.9841666666667
"1714",2019-10-01,569,39.2033647375505
"1715",2019-11-01,569,62.9332840236686
"1716",2019-12-01,569,114.160215053763
"1717",2020-01-01,569,126.583482142857
"1718",2020-02-01,569,57.6662356321839
"1719",2020-03-01,569,19.5452830188679
"1720",2020-04-01,569,12.7322670375522
"1721",2020-05-01,569,12.8492597577389
"1722",2020-06-01,569,14.6625869262865
"1723",2020-07-01,569,13.8369623655914
"1724",2020-08-01,569,15.0278600269179
"1725",2020-09-01,569,19.8273611111111
"1726",2020-10-01,569,36.3318309859155
"1727",2020-11-01,569,82.3147426981919
"1728",2020-12-01,569,88.2661725067385
"1729",2019-01-01,1264,83.7692204301075
"1730",2019-02-01,1264,71.1464401294498
"1731",2019-03-01,1264,28.5946091644205
"1732",2019-04-01,1264,21.7302287581699
"1733",2019-05-01,1264,14.6668016194332
"1734",2019-06-01,1264,13.5145953757225
"1735",2019-07-01,1264,14.5060698027314
"1736",2019-08-01,1264,13.5222222222222
"1737",2019-09-01,1264,19.5108484005563
"1738",2019-10-01,1264,32.8621582733813
"1739",2019-11-01,1264,54.800139275766
"1740",2019-12-01,1264,96.8956989247312
"1741",2020-01-01,1264,98.0645161290323
"1742",2020-02-01,1264,45.5806916426513
"1743",2020-03-01,1264,18.3345479082321
"1744",2020-04-01,1264,13.574791086351
"1745",2020-05-01,1264,11.8476383265857
"1746",2020-06-01,1264,12.6731468531469
"1747",2020-07-01,1264,13.0594339622642
"1748",2020-08-01,1264,14.9854993160055
"1749",2020-09-01,1264,17.8267964071856
"1750",2020-10-01,1264,29.9625841184388
"1751",2020-11-01,1264,58.8567454798331
"1752",2020-12-01,1264,78.3383064516129
"1753",2019-01-01,633,128.214401076716
"1754",2019-02-01,633,101.057078986587
"1755",2019-03-01,633,50.0109017496635
"1756",2019-04-01,633,19.9519498607242
"1757",2019-05-01,633,13.9310810810811
"1758",2019-06-01,633,23.2704180064309
"1759",2019-07-01,633,18.6169582772544
"1760",2019-08-01,633,15.9651413189771
"1761",2019-09-01,633,24.8245833333333
"1762",2019-10-01,633,29.5477150537634
"1763",2019-11-01,633,44.2917867435158
"1764",2019-12-01,633,82.3778225806452
"1765",2020-01-01,633,101.526783310902
"1766",2020-02-01,633,86.3225899280576
"1767",2020-03-01,633,51.5634920634921
"1768",2020-04-01,633,24.8907014681892
"1769",2020-05-01,633,21.4493943472409
"1770",2020-06-01,633,22.2278940027894
"1771",2020-07-01,633,14.2576819407008
"1772",2020-08-01,633,13.7281461434371
"1773",2020-09-01,633,25.69875
"1774",2020-10-01,633,40.5862348178138
"1775",2020-11-01,633,70.2043055555555
"1776",2020-12-01,633,67.0364754098361
"1777",2019-01-01,1297,66.6029569892473
"1778",2019-02-01,1297,48.5740298507463
"1779",2019-03-01,1297,34.6030997304582
"1780",2019-04-01,1297,16.5105702364395
"1781",2019-05-01,1297,9.78575268817204
"1782",2019-06-01,1297,17.5835883171071
"1783",2019-07-01,1297,23.5095558546433
"1784",2019-08-01,1297,15.3952893674293
"1785",2019-09-01,1297,22.5203059805285
"1786",2019-10-01,1297,29.7013513513514
"1787",2019-11-01,1297,32.7344444444444
"1788",2019-12-01,1297,62.8826612903226
"1789",2020-01-01,1297,79.6407258064516
"1790",2020-02-01,1297,46.2109510086455
"1791",2020-03-01,1297,24.7322580645161
"1792",2020-04-01,1297,20.9527777777778
"1793",2020-05-01,1297,16.9987870619946
"1794",2020-06-01,1297,19.3990277777778
"1795",2020-07-01,1297,17.1877523553163
"1796",2020-08-01,1297,14.4848664688427
"1797",2020-09-01,1297,24.7425320056899
"1798",2020-10-01,1297,29.1047297297297
"1799",2020-11-01,1297,43.7467224546722
"1800",2020-12-01,1297,45.3547169811321
"1801",2019-01-01,604,103.840166204986
"1802",2019-02-01,604,82.4745156482861
"1803",2019-03-01,604,52.321568627451
"1804",2019-04-01,604,22.6276388888889
"1805",2019-05-01,604,16.8977150537634
"1806",2019-06-01,604,21.4259052924791
"1807",2019-07-01,604,19.5685060565276
"1808",2019-08-01,604,16.3333333333333
"1809",2019-09-01,604,26.0554166666667
"1810",2019-10-01,604,32.2143817204301
"1811",2019-11-01,604,43.9543055555556
"1812",2019-12-01,604,74.2451612903226
"1813",2020-01-01,604,90.0870967741936
"1814",2020-02-01,604,60.5441400304414
"1815",2020-03-01,604,30.4962365591398
"1816",2020-04-01,604,22.75625
"1817",2020-05-01,604,17.385733512786
"1818",2020-06-01,604,18.4114613180516
"1819",2020-07-01,604,18.8271505376344
"1820",2020-08-01,604,17.0547043010753
"1821",2020-09-01,604,26.8659248956885
"1822",2020-10-01,604,42.7865591397849
"1823",2020-11-01,604,61.4966666666667
"1824",2020-12-01,604,59.1959654178674
"1825",2019-01-01,588,62.5838274932615
"1826",2019-02-01,588,102.911773472429
"1827",2019-03-01,588,61.1013440860215
"1828",2019-04-01,588,41.047625698324
"1829",2019-05-01,588,26.7122311827957
"1830",2019-06-01,588,25.4278499278499
"1831",2019-07-01,588,34.8116758241758
"1832",2019-08-01,588,14.4690909090909
"1833",2019-09-01,588,30.4629568106312
"1834",2019-10-01,588,38.8168776371308
"1835",2019-11-01,588,37.4902777777778
"1836",2019-12-01,588,34.3046195652174
"1837",2020-01-01,588,55.741948579161
"1838",2020-02-01,588,86.0029880478088
"1839",2020-03-01,588,24.2338731443995
"1840",2020-04-01,588,5.48548621190131
"1841",2020-05-01,588,12.3404858299595
"1842",2020-06-01,588,23.4376388888889
"1843",2020-07-01,588,21.8515239477504
"1844",2020-08-01,588,17.9573795180723
"1845",2020-09-01,588,41.1544262295082
"1846",2020-10-01,588,50.5664305949009
"1847",2020-11-01,588,71.5329971181556
"1848",2020-12-01,588,41.5922865013774
"1849",2019-01-01,592,155.282795698925
"1850",2019-02-01,592,162.981554878049
"1851",2019-03-01,592,66.5458839406208
"1852",2019-04-01,592,40.5830555555556
"1853",2019-05-01,592,33.0641791044776
"1854",2019-06-01,592,31.4481894150418
"1855",2019-07-01,592,23.87125
"1856",2019-08-01,592,19.3970817120623
"1857",2019-09-01,592,28.6019498607242
"1858",2019-10-01,592,49.8010899182561
"1859",2019-11-01,592,78.0388967468175
"1860",2019-12-01,592,126.015881561238
"1861",2020-01-01,592,201.914266487214
"1862",2020-02-01,592,96.8337643678161
"1863",2020-03-01,592,41.2869272237197
"1864",2020-04-01,592,22.8527777777778
"1865",2020-05-01,592,22.205376344086
"1866",2020-06-01,592,24.4857344632768
"1867",2020-07-01,592,23.6739972337483
"1868",2020-08-01,592,26.8616935483871
"1869",2020-09-01,592,33.0378294573643
"1870",2020-10-01,592,66.1795945945946
"1871",2020-11-01,592,104.417916666667
"1872",2020-12-01,592,122.311155913978
"1873",2019-01-01,517,85.5856182795699
"1874",2019-02-01,517,75.3046130952381
"1875",2019-03-01,517,41.0715053763441
"1876",2019-04-01,517,18.9057422969188
"1877",2019-05-01,517,11.7682020802377
"1878",2019-06-01,517,14.2134722222222
"1879",2019-07-01,517,15.4322102425876
"1880",2019-08-01,517,14.5632206759443
"1881",2019-09-01,517,21.0931849791377
"1882",2019-10-01,517,29.3470833333333
"1883",2019-11-01,517,45.9067632850242
"1884",2019-12-01,517,65.2035763411279
"1885",2020-01-01,517,83.8737903225806
"1886",2020-02-01,517,45.9958273381295
"1887",2020-03-01,517,22.9451895043732
"1888",2020-04-01,517,12.1282517482517
"1889",2020-05-01,517,11.4965053763441
"1890",2020-06-01,517,12.7874293785311
"1891",2020-07-01,517,13.784268125855
"1892",2020-08-01,517,13.2850404312668
"1893",2020-09-01,517,18.583147632312
"1894",2020-10-01,517,31.6568548387097
"1895",2020-11-01,517,57.9061111111111
"1896",2020-12-01,517,67.0132290184922
"1897",2019-01-01,679,75.7414304993252
"1898",2019-02-01,679,70.5335394126739
"1899",2019-03-01,679,33.1951856946355
"1900",2019-04-01,679,16.5693055555556
"1901",2019-05-01,679,13.4271505376344
"1902",2019-06-01,679,8.05654952076677
"1903",2019-07-01,679,10.5744055944056
"1904",2019-08-01,679,7.27658142664872
"1905",2019-09-01,679,13.6266666666667
"1906",2019-10-01,679,23.2799145299145
"1907",2019-11-01,679,32.9045897079277
"1908",2019-12-01,679,55.4939516129032
"1909",2020-01-01,679,85.9905913978495
"1910",2020-02-01,679,48.5762247838617
"1911",2020-03-01,679,25.2878706199461
"1912",2020-04-01,679,13.1902777777778
"1913",2020-05-01,679,10.7995956873315
"1914",2020-06-01,679,9.77329624478442
"1915",2020-07-01,679,9.46572280178838
"1916",2020-08-01,679,6.98870292887029
"1917",2020-09-01,679,12.3205459770115
"1918",2020-10-01,679,27.5675202156334
"1919",2020-11-01,679,59.2801112656467
"1920",2020-12-01,679,67.1369623655914
"1921",2019-01-01,560,122.331664411367
"1922",2019-02-01,560,118.725373134328
"1923",2019-03-01,560,66.7450134770889
"1924",2019-04-01,560,46.0377777777778
"1925",2019-05-01,560,33.5623655913978
"1926",2019-06-01,560,25.9783031988873
"1927",2019-07-01,560,26.8544474393531
"1928",2019-08-01,560,33.0424242424242
"1929",2019-09-01,560,42.761057023644
"1930",2019-10-01,560,57.1037634408602
"1931",2019-11-01,560,75.2488826815642
"1932",2019-12-01,560,106.8334682861
"1933",2020-01-01,560,136.90497311828
"1934",2020-02-01,560,89.9097701149425
"1935",2020-03-01,560,37.1392422192152
"1936",2020-04-01,560,14.6041666666667
"1937",2020-05-01,560,21.5948855989233
"1938",2020-06-01,560,29.2398884239888
"1939",2020-07-01,560,25.6329301075269
"1940",2020-08-01,560,23.1
"1941",2020-09-01,560,30.96
"1942",2020-10-01,560,45.6251682368775
"1943",2020-11-01,560,60.028511821975
"1944",2020-12-01,560,61.5118055555556
"1945",2019-01-01,552,68.8241565452092
"1946",2019-02-01,552,77.5876488095238
"1947",2019-03-01,552,41.4690026954178
"1948",2019-04-01,552,24.2478442280946
"1949",2019-05-01,552,19.8297442799462
"1950",2019-06-01,552,14.6080555555556
"1951",2019-07-01,552,12.0271505376344
"1952",2019-08-01,552,10.0929850746269
"1953",2019-09-01,552,17.82875
"1954",2019-10-01,552,27.3254032258065
"1955",2019-11-01,552,29.6208333333333
"1956",2019-12-01,552,59.3493279569892
"1957",2020-01-01,552,83.9869623655914
"1958",2020-02-01,552,47.7563218390805
"1959",2020-03-01,552,20.0072580645161
"1960",2020-04-01,552,13.2735744089013
"1961",2020-05-01,552,14.2114247311828
"1962",2020-06-01,552,13.2671919770774
"1963",2020-07-01,552,11.4911170928668
"1964",2020-08-01,552,9.94905913978495
"1965",2020-09-01,552,16.3833101529903
"1966",2020-10-01,552,27.3447580645161
"1967",2020-11-01,552,45.8120689655172
"1968",2020-12-01,552,44.3665277777778
"1969",2019-01-01,665,99.8541551246537
"1970",2019-02-01,665,83.8004464285714
"1971",2019-03-01,665,47.4360215053763
"1972",2019-04-01,665,25.9395114942529
"1973",2019-05-01,665,18.9032432432432
"1974",2019-06-01,665,13.2782229965157
"1975",2019-07-01,665,16.099730820996
"1976",2019-08-01,665,14.170553064275
"1977",2019-09-01,665,25.6598611111111
"1978",2019-10-01,665,34.8598052851182
"1979",2019-11-01,665,47
"1980",2019-12-01,665,79.9423387096774
"1981",2020-01-01,665,95.2965053763441
"1982",2020-02-01,665,60.2178674351585
"1983",2020-03-01,665,29.5024193548387
"1984",2020-04-01,665,20.0565277777778
"1985",2020-05-01,665,16.300269541779
"1986",2020-06-01,665,13.6856104651163
"1987",2020-07-01,665,14.1216463414634
"1988",2020-08-01,665,13.1218055555556
"1989",2020-09-01,665,22.6781337047354
"1990",2020-10-01,665,32.9181695827725
"1991",2020-11-01,665,59.9112230215827
"1992",2020-12-01,665,62.1245283018868
"1993",2019-01-01,709,84.8324360699865
"1994",2019-02-01,709,68.7561011904762
"1995",2019-03-01,709,42.6814266487214
"1996",2019-04-01,709,32.6295964125561
"1997",2019-05-01,709,16.7319892473118
"1998",2019-06-01,709,17.3135399673736
"1999",2019-07-01,709,18.6522849462366
"2000",2019-08-01,709,15.5967741935484
"2001",2019-09-01,709,16.7160621761658
"2002",2019-10-01,709,22.8942126514132
"2003",2019-11-01,709,35.1047222222222
"2004",2019-12-01,709,60.5043010752688
"2005",2020-01-01,709,79.0563930013459
"2006",2020-02-01,709,56.8694524495677
"2007",2020-03-01,709,31.1770161290323
"2008",2020-04-01,709,16.7263888888889
"2009",2020-05-01,709,12.3493261455526
"2010",2020-06-01,709,15.3877431906615
"2011",2020-07-01,709,15.0384508990318
"2012",2020-08-01,709,7.61349809885932
"2013",2020-09-01,709,14.45
"2014",2020-10-01,709,26.4639784946237
"2015",2020-11-01,709,50.1661111111111
"2016",2020-12-01,709,54.6854515050167
"2017",2019-01-01,673,79.3584118438762
"2018",2019-02-01,673,57.9077496274218
"2019",2019-03-01,673,32.3116935483871
"2020",2019-04-01,673,20.1873611111111
"2021",2019-05-01,673,13.8534946236559
"2022",2019-06-01,673,14.2448920863309
"2023",2019-07-01,673,14.6486559139785
"2024",2019-08-01,673,16.5298788694482
"2025",2019-09-01,673,20.5814144736842
"2026",2019-10-01,673,25.8438172043011
"2027",2019-11-01,673,39.6476388888889
"2028",2019-12-01,673,67.8385135135135
"2029",2020-01-01,673,91.1197580645161
"2030",2020-02-01,673,55.1198275862069
"2031",2020-03-01,673,29.6240591397849
"2032",2020-04-01,673,22.6218662952646
"2033",2020-05-01,673,12.578331090175
"2034",2020-06-01,673,10.7687237026648
"2035",2020-07-01,673,14.25733512786
"2036",2020-08-01,673,14.0484005563282
"2037",2020-09-01,673,21.6796657381616
"2038",2020-10-01,673,30.2453441295547
"2039",2020-11-01,673,50.0717663421419
"2040",2020-12-01,673,56.4141891891892
